league_id,team_id,league,team,total_points,overall_effectivity,overall_ineffectuality,avg_points_per_match,total_matches,total_wins,total_draws,total_loses,win_pct,draw_pct,lose_pct,total_goals,total_goals_conceded,total_goals_difference,avg_goal_per_match,avg_goal_against_per_match,home,away,total_home_wins,total_home_draws,total_home_loses,total_away_wins,total_away_draws,total_away_loses,avg_home_win,avg_home_draw,avg_home_lose,avg_away_win,avg_away_draw,avg_away_lose,prop_home_win,prop_away_win,prop_home_draw,prop_away_draw,prop_home_lose,prop_away_lose,total_home_goals,total_home_goals_conceded,total_away_goals,total_away_goals_conceded,prop_home_goals,prop_away_goals,prop_home_goals_recv,prop_away_goals_recv,avg_home_goals_per_match,avg_away_goals_per_match
21518,8634,Spain LIGA BBVA,FC Barcelona,745,91.1184210526316,8.88157894736842,2,304,234,43,27,76.9736842105263,14.1447368421053,8.88157894736842,849,232,617,2,0,152,152,131,12,9,103,31,18,55.982905982906,27.906976744186,33.3333333333333,44.017094017094,72.0930232558139,66.6666666666667,86.1842105263158,67.7631578947368,7.89473684210526,20.3947368421053,5.92105263157895,11.8421052631579,495,101,354,131,58.3038869257951,41.6961130742049,43.5344827586207,56.4655172413793,2.0,1.0
13274,8593,Netherlands Eredivisie,Ajax,602,88.2352941176471,11.7647058823529,2,272,181,59,32,66.5441176470588,21.6911764705882,11.7647058823529,647,236,411,2,0,136,136,103,24,9,78,35,23,56.9060773480663,40.6779661016949,28.125,43.0939226519337,59.3220338983051,71.875,75.7352941176471,57.3529411764706,17.6470588235294,25.7352941176471,6.61764705882353,16.9117647058824,360,78,287,158,55.6414219474498,44.3585780525502,33.0508474576271,66.9491525423729,1.0,1.0
7809,9823,Germany 1. Bundesliga,FC Bayern Munich,623,87.1323529411765,12.8676470588235,2,272,193,44,35,70.9558823529412,16.1764705882353,12.8676470588235,653,211,442,2,0,136,136,109,14,13,84,30,22,56.4766839378238,31.8181818181818,37.1428571428571,43.5233160621762,68.1818181818182,62.8571428571429,80.1470588235294,61.7647058823529,10.2941176470588,22.0588235294118,9.55882352941176,16.1764705882353,382,96,271,115,58.4992343032159,41.5007656967841,45.4976303317536,54.5023696682464,1.0,1.0
21518,8633,Spain LIGA BBVA,Real Madrid CF,720,86.8421052631579,13.1578947368421,2,304,228,36,40,75.0,11.8421052631579,13.1578947368421,843,304,539,2,1,152,152,129,11,12,99,25,28,56.5789473684211,30.5555555555556,30.0,43.4210526315789,69.4444444444444,70.0,84.8684210526316,65.1315789473684,7.23684210526316,16.4473684210526,7.89473684210526,18.4210526315789,505,147,338,157,59.9051008303677,40.0948991696323,48.3552631578947,51.6447368421053,2.0,1.0
10257,9885,Italy Serie A,Juventus,633,84.7176079734219,15.2823920265781,2,301,189,66,46,62.7906976744186,21.9269102990033,15.2823920265781,543,250,293,1,0,151,150,105,30,16,84,36,30,55.5555555555556,45.4545454545455,34.7826086956522,44.4444444444444,54.5454545454545,65.2173913043478,69.5364238410596,56.0,19.8675496688742,24.0,10.5960264900662,20.0,307,124,236,126,56.5377532228361,43.4622467771639,49.6,50.4,1.0,1.0
13274,8640,Netherlands Eredivisie,PSV,581,82.7205882352941,17.2794117647059,2,272,178,47,47,65.4411764705882,17.2794117647059,17.2794117647059,652,294,358,2,1,136,136,105,18,13,73,29,34,58.9887640449438,38.2978723404255,27.6595744680851,41.0112359550562,61.7021276595745,72.3404255319149,77.2058823529412,53.6764705882353,13.2352941176471,21.3235294117647,9.55882352941176,25.0,370,126,282,168,56.7484662576687,43.2515337423313,42.8571428571429,57.1428571428571,1.0,1.0
4769,9847,France Ligue 1,Paris Saint-Germain,601,82.5657894736842,17.4342105263158,2,304,175,76,53,57.5657894736842,25.0,17.4342105263158,568,267,301,1,0,152,152,102,32,18,73,44,35,58.2857142857143,42.1052631578947,33.9622641509434,41.7142857142857,57.8947368421053,66.0377358490566,67.1052631578947,48.0263157894737,21.0526315789474,28.9473684210526,11.8421052631579,23.0263157894737,332,116,236,151,58.4507042253521,41.5492957746479,43.4456928838951,56.5543071161049,1.0,1.0
1729,10260,England Premier League,Manchester United,633,81.9078947368421,18.0921052631579,2,304,192,57,55,63.1578947368421,18.75,18.0921052631579,582,280,302,1,0,152,152,116,16,20,76,41,35,60.4166666666667,28.0701754385965,36.3636363636364,39.5833333333333,71.9298245614035,63.6363636363636,76.3157894736842,50.0,10.5263157894737,26.9736842105263,13.1578947368421,23.0263157894737,338,120,244,160,58.0756013745704,41.9243986254296,42.8571428571429,57.1428571428571,1.0,1.0
1729,8455,England Premier League,Chelsea,598,80.9210526315789,19.0789473684211,2,304,176,70,58,57.8947368421053,23.0263157894737,19.0789473684211,583,286,297,1,0,152,152,101,34,17,75,36,41,57.3863636363636,48.5714285714286,29.3103448275862,42.6136363636364,51.4285714285714,70.6896551724138,66.4473684210526,49.3421052631579,22.3684210526316,23.6842105263158,11.1842105263158,26.9736842105263,333,129,250,157,57.1183533447684,42.8816466552316,45.1048951048951,54.8951048951049,1.0,1.0
7809,9789,Germany 1. Bundesliga,Borussia Dortmund,533,80.5147058823529,19.4852941176471,2,272,157,62,53,57.7205882352941,22.7941176470588,19.4852941176471,551,282,269,2,1,136,136,88,30,18,69,32,35,56.0509554140127,48.3870967741936,33.9622641509434,43.9490445859873,51.6129032258064,66.0377358490566,64.7058823529412,50.7352941176471,22.0588235294118,23.5294117647059,13.2352941176471,25.7352941176471,298,112,253,170,54.0834845735027,45.9165154264973,39.7163120567376,60.2836879432624,1.0,1.0
1729,9825,England Premier League,Arsenal,583,79.9342105263158,20.0657894736842,2,304,170,73,61,55.9210526315789,24.0131578947368,20.0657894736842,573,320,253,1,1,152,152,97,34,21,73,39,40,57.0588235294118,46.5753424657534,34.4262295081967,42.9411764705882,53.4246575342466,65.5737704918033,63.8157894736842,48.0263157894737,22.3684210526316,25.6578947368421,13.8157894736842,26.3157894736842,306,122,267,198,53.4031413612565,46.5968586387435,38.125,61.875,1.0,1.0
13274,8611,Netherlands Eredivisie,FC Twente,503,79.0441176470588,20.9558823529412,2,272,144,71,57,52.9411764705882,26.1029411764706,20.9558823529412,509,319,190,1,1,136,136,85,32,19,59,39,38,59.0277777777778,45.0704225352113,33.3333333333333,40.9722222222222,54.9295774647887,66.6666666666667,62.5,43.3823529411765,23.5294117647059,28.6764705882353,13.9705882352941,27.9411764705882,289,139,220,180,56.7779960707269,43.2220039292731,43.5736677115987,56.4263322884013,1.0,1.0
4769,8639,France Ligue 1,LOSC Lille,533,78.6184210526316,21.3815789473684,2,304,147,92,65,48.3552631578947,30.2631578947368,21.3815789473684,450,289,161,1,0,152,152,93,39,20,54,53,45,63.265306122449,42.3913043478261,30.7692307692308,36.734693877551,57.6086956521739,69.2307692307692,61.1842105263158,35.5263157894737,25.6578947368421,34.8684210526316,13.1578947368421,29.6052631578947,270,124,180,165,60.0,40.0,42.9065743944637,57.0934256055363,1.0,1.0
1729,8456,England Premier League,Manchester City,586,77.6315789473684,22.3684210526316,2,304,175,61,68,57.5657894736842,20.0657894736842,22.3684210526316,606,307,299,1,1,152,152,113,18,21,62,43,47,64.5714285714286,29.5081967213115,30.8823529411765,35.4285714285714,70.4918032786885,69.1176470588235,74.3421052631579,40.7894736842105,11.8421052631579,28.2894736842105,13.8157894736842,30.9210526315789,365,125,241,182,60.2310231023102,39.7689768976898,40.7166123778502,59.2833876221498,1.0,1.0
10257,8686,Italy Serie A,Roma,559,77.5577557755776,22.4422442244224,2,303,162,73,68,53.4653465346535,24.0924092409241,22.4422442244224,530,359,171,1,1,151,152,97,35,19,65,38,49,59.8765432098765,47.9452054794521,27.9411764705882,40.1234567901235,52.0547945205479,72.0588235294118,64.2384105960265,42.7631578947368,23.1788079470199,25.0,12.5827814569536,32.2368421052632,299,142,231,217,56.4150943396226,43.5849056603774,39.5543175487465,60.4456824512535,1.0,1.0
10257,8564,Italy Serie A,Milan,541,76.8976897689769,23.1023102310231,2,303,154,79,70,50.8250825082508,26.0726072607261,23.1023102310231,496,312,184,1,1,151,152,92,34,25,62,45,45,59.7402597402597,43.0379746835443,35.7142857142857,40.2597402597403,56.9620253164557,64.2857142857143,60.9271523178808,40.7894736842105,22.5165562913907,29.6052631578947,16.5562913907285,29.6052631578947,271,128,225,184,54.6370967741936,45.3629032258064,41.025641025641,58.974358974359,1.0,1.0
4769,9748,France Ligue 1,Olympique Lyonnais,539,76.6447368421053,23.3552631578947,2,304,153,80,71,50.3289473684211,26.3157894736842,23.3552631578947,497,316,181,1,1,152,152,91,40,21,62,40,50,59.4771241830065,50.0,29.5774647887324,40.5228758169935,50.0,70.4225352112676,59.8684210526316,40.7894736842105,26.3157894736842,26.3157894736842,13.8157894736842,32.8947368421053,289,130,208,186,58.148893360161,41.851106639839,41.1392405063291,58.8607594936709,1.0,1.0
4769,8592,France Ligue 1,Olympique de Marseille,519,76.6447368421053,23.3552631578947,2,304,143,90,71,47.0394736842105,29.6052631578947,23.3552631578947,462,311,151,1,1,152,152,80,42,30,63,48,41,55.9440559440559,46.6666666666667,42.2535211267606,44.0559440559441,53.3333333333333,57.7464788732394,52.6315789473684,41.4473684210526,27.6315789473684,31.5789473684211,19.7368421052632,26.9736842105263,254,154,208,157,54.978354978355,45.021645021645,49.5176848874598,50.4823151125402,1.0,1.0
10257,9875,Italy Serie A,Napoli,536,76.4119601328904,23.5880398671096,2,301,153,77,71,50.8305647840532,25.5813953488372,23.5880398671096,514,325,189,1,1,150,151,95,38,17,58,39,54,62.0915032679739,49.3506493506493,23.943661971831,37.9084967320261,50.6493506493507,76.056338028169,63.3333333333333,38.4105960264901,25.3333333333333,25.8278145695364,11.3333333333333,35.7615894039735,303,136,211,189,58.9494163424124,41.0505836575876,41.8461538461538,58.1538461538462,1.0,1.0
10257,8636,Italy Serie A,Inter,535,74.9174917491749,25.0825082508251,2,303,154,73,76,50.8250825082508,24.0924092409241,25.0825082508251,496,343,153,1,1,151,152,90,37,24,64,36,52,58.4415584415584,50.6849315068493,31.5789473684211,41.5584415584416,49.3150684931507,68.4210526315789,59.6026490066225,42.1052631578947,24.5033112582781,23.6842105263158,15.8940397350993,34.2105263157895,280,163,216,180,56.4516129032258,43.5483870967742,47.5218658892128,52.4781341107872,1.0,1.0
7809,8178,Germany 1. Bundesliga,Bayer 04 Leverkusen,477,74.6323529411765,25.3676470588235,2,272,137,66,69,50.3676470588235,24.2647058823529,25.3676470588235,483,329,154,1,1,136,136,76,34,26,61,32,43,55.4744525547445,51.5151515151515,37.6811594202899,44.5255474452555,48.4848484848485,62.3188405797101,55.8823529411765,44.8529411764706,25.0,23.5294117647059,19.1176470588235,31.6176470588235,270,153,213,176,55.9006211180124,44.0993788819876,46.5045592705167,53.4954407294833,1.0,1.0
4769,9829,France Ligue 1,AS Monaco,360,74.5614035087719,25.4385964912281,2,228,95,75,58,41.6666666666667,32.8947368421053,25.4385964912281,287,237,50,1,1,114,114,53,39,22,42,36,36,55.7894736842105,52.0,37.9310344827586,44.2105263157895,48.0,62.0689655172414,46.4912280701754,36.8421052631579,34.2105263157895,31.5789473684211,19.2982456140351,31.5789473684211,153,97,134,140,53.3101045296167,46.6898954703833,40.9282700421941,59.0717299578059,1.0,1.0
21518,9906,Spain LIGA BBVA,Atlético Madrid,560,74.3421052631579,25.6578947368421,2,304,167,59,78,54.9342105263158,19.4078947368421,25.6578947368421,524,321,203,1,1,152,152,103,24,25,64,35,53,61.6766467065868,40.6779661016949,32.0512820512821,38.3233532934132,59.3220338983051,67.9487179487179,67.7631578947368,42.1052631578947,15.7894736842105,23.0263157894737,16.4473684210526,34.8684210526316,321,124,203,197,61.2595419847328,38.7404580152672,38.6292834890966,61.3707165109034,1.0,1.0
1729,8650,England Premier League,Liverpool,526,74.3421052631579,25.6578947368421,2,304,150,76,78,49.3421052631579,25.0,25.6578947368421,531,337,194,1,1,152,152,86,43,23,64,33,55,57.3333333333333,56.5789473684211,29.4871794871795,42.6666666666667,43.4210526315789,70.5128205128205,56.5789473684211,42.1052631578947,28.2894736842105,21.7105263157895,15.1315789473684,36.1842105263158,294,134,237,203,55.3672316384181,44.6327683615819,39.7626112759644,60.2373887240356,1.0,1.0
13274,10235,Netherlands Eredivisie,Feyenoord,480,74.2647058823529,25.7352941176471,2,272,139,63,70,51.1029411764706,23.1617647058824,25.7352941176471,489,325,164,1,1,136,136,86,27,23,53,36,47,61.8705035971223,42.8571428571429,32.8571428571429,38.1294964028777,57.1428571428571,67.1428571428571,63.2352941176471,38.9705882352941,19.8529411764706,26.4705882352941,16.9117647058824,34.5588235294118,291,129,198,196,59.5092024539877,40.4907975460123,39.6923076923077,60.3076923076923,1.0,1.0
4769,9827,France Ligue 1,Girondins de Bordeaux,477,74.0131578947368,25.9868421052632,2,304,126,99,79,41.4473684210526,32.5657894736842,25.9868421052632,404,335,69,1,1,152,152,81,47,24,45,52,55,64.2857142857143,47.4747474747475,30.379746835443,35.7142857142857,52.5252525252525,69.620253164557,53.2894736842105,29.6052631578947,30.9210526315789,34.2105263157895,15.7894736842105,36.1842105263158,228,138,176,197,56.4356435643564,43.5643564356436,41.1940298507463,58.8059701492537,1.0,1.0
1729,8586,England Premier League,Tottenham Hotspur,527,74.0131578947368,25.9868421052632,2,304,151,74,79,49.6710526315789,24.3421052631579,25.9868421052632,481,358,123,1,1,152,152,88,36,28,63,38,51,58.2781456953642,48.6486486486486,35.4430379746835,41.7218543046358,51.3513513513514,64.5569620253165,57.8947368421053,41.4473684210526,23.6842105263158,25.0,18.4210526315789,33.5526315789474,255,138,226,220,53.014553014553,46.985446985447,38.5474860335196,61.4525139664804,1.0,1.0
1729,8668,England Premier League,Everton,463,72.6973684210526,27.3026315789474,2,304,121,100,83,39.8026315789474,32.8947368421053,27.3026315789474,439,355,84,1,1,152,152,76,43,33,45,57,50,62.8099173553719,43.0,39.7590361445783,37.1900826446281,57.0,60.2409638554217,50.0,29.6052631578947,28.2894736842105,37.5,21.7105263157895,32.8947368421053,258,166,181,189,58.7699316628702,41.2300683371298,46.7605633802817,53.2394366197183,1.0,1.0
21518,10267,Spain LIGA BBVA,Valencia CF,500,71.0526315789474,28.9473684210526,2,304,142,74,88,46.7105263157895,24.3421052631579,28.9473684210526,484,369,115,1,1,152,152,90,34,28,52,40,60,63.3802816901408,45.9459459459459,31.8181818181818,36.6197183098592,54.0540540540541,68.1818181818182,59.2105263157895,34.2105263157895,22.3684210526316,26.3157894736842,18.4210526315789,39.4736842105263,299,161,185,208,61.7768595041322,38.2231404958678,43.6314363143631,56.3685636856369,1.0,1.0
1729,8197,England Premier League,Leicester City,122,71.0526315789474,28.9473684210526,2,76,34,20,22,44.7368421052632,26.3157894736842,28.9473684210526,114,91,23,1,1,38,38,19,11,8,15,9,14,55.8823529411765,55.0,36.3636363636364,44.1176470588235,45.0,63.6363636363636,50.0,39.4736842105263,28.9473684210526,23.6842105263158,21.0526315789474,36.8421052631579,63,40,51,51,55.2631578947368,44.7368421052632,43.956043956044,56.043956043956,1.0,1.0
13274,10229,Netherlands Eredivisie,AZ,473,70.9558823529412,29.0441176470588,2,272,140,53,79,51.4705882352941,19.4852941176471,29.0441176470588,492,348,144,1,1,136,136,82,26,28,58,27,51,58.5714285714286,49.0566037735849,35.4430379746835,41.4285714285714,50.9433962264151,64.5569620253165,60.2941176470588,42.6470588235294,19.1176470588235,19.8529411764706,20.5882352941176,37.5,279,145,213,203,56.7073170731707,43.2926829268293,41.6666666666667,58.3333333333333,1.0,1.0
10257,8535,Italy Serie A,Fiorentina,471,69.0,31.0,2,300,132,75,93,44.0,25.0,31.0,440,343,97,1,1,150,150,80,37,33,52,38,60,60.6060606060606,49.3333333333333,35.4838709677419,39.3939393939394,50.6666666666667,64.5161290322581,53.3333333333333,34.6666666666667,24.6666666666667,25.3333333333333,22.0,40.0,246,153,194,190,55.9090909090909,44.0909090909091,44.6064139941691,55.3935860058309,1.0,1.0
21518,10205,Spain LIGA BBVA,Villarreal CF,407,68.796992481203,31.203007518797,2,266,112,71,83,42.1052631578947,26.6917293233083,31.203007518797,364,324,40,1,1,133,133,77,30,26,35,41,57,68.75,42.2535211267606,31.3253012048193,31.25,57.7464788732394,68.6746987951807,57.8947368421053,26.3157894736842,22.5563909774436,30.8270676691729,19.5488721804511,42.8571428571429,218,127,146,197,59.8901098901099,40.1098901098901,39.1975308641975,60.8024691358025,1.0,1.0
4769,8583,France Ligue 1,AJ Auxerre,209,67.7631578947368,32.2368421052632,1,152,53,50,49,34.8684210526316,32.8947368421053,32.2368421052632,168,162,6,1,1,76,76,31,27,18,22,23,31,58.4905660377358,54.0,36.734693877551,41.5094339622642,46.0,63.265306122449,40.7894736842105,28.9473684210526,35.5263157894737,30.2631578947368,23.6842105263158,40.7894736842105,98,72,70,90,58.3333333333333,41.6666666666667,44.4444444444444,55.5555555555556,1.0,0.0
7809,8721,Germany 1. Bundesliga,VfL Wolfsburg,418,67.6470588235294,32.3529411764706,2,272,117,67,88,43.0147058823529,24.6323529411765,32.3529411764706,463,396,67,1,1,136,136,74,31,31,43,36,57,63.2478632478633,46.2686567164179,35.2272727272727,36.7521367521367,53.7313432835821,64.7727272727273,54.4117647058824,31.6176470588235,22.7941176470588,26.4705882352941,22.7941176470588,41.9117647058824,274,182,189,214,59.1792656587473,40.8207343412527,45.959595959596,54.040404040404,1.0,1.0
7809,10189,Germany 1. Bundesliga,FC Schalke 04,438,67.6470588235294,32.3529411764706,2,272,127,57,88,46.6911764705882,20.9558823529412,32.3529411764706,426,336,90,1,1,136,136,80,24,32,47,33,56,62.992125984252,42.1052631578947,36.3636363636364,37.007874015748,57.8947368421053,63.6363636363636,58.8235294117647,34.5588235294118,17.6470588235294,24.2647058823529,23.5294117647059,41.1764705882353,252,138,174,198,59.1549295774648,40.8450704225352,41.0714285714286,58.9285714285714,1.0,1.0
21518,8302,Spain LIGA BBVA,Sevilla FC,482,67.1052631578947,32.8947368421053,2,304,139,65,100,45.7236842105263,21.3815789473684,32.8947368421053,478,397,81,1,1,152,152,91,27,34,48,38,66,65.4676258992806,41.5384615384615,34.0,34.5323741007194,58.4615384615385,66.0,59.8684210526316,31.5789473684211,17.7631578947368,25.0,22.3684210526316,43.4210526315789,285,166,193,231,59.6234309623431,40.3765690376569,41.8136020151134,58.1863979848866,1.0,1.0
4769,9853,France Ligue 1,AS Saint-Étienne,445,66.7763157894737,33.2236842105263,1,304,121,82,101,39.8026315789474,26.9736842105263,33.2236842105263,371,326,45,1,1,152,152,75,40,37,46,42,64,61.9834710743802,48.780487804878,36.6336633663366,38.0165289256198,51.219512195122,63.3663366336634,49.3421052631579,30.2631578947368,26.3157894736842,27.6315789473684,24.3421052631579,42.1052631578947,223,138,148,188,60.1078167115903,39.8921832884097,42.3312883435583,57.6687116564417,1.0,0.0
4769,10249,France Ligue 1,Montpellier Hérault SC,397,66.5413533834586,33.4586466165414,1,266,110,67,89,41.3533834586466,25.187969924812,33.4586466165414,344,307,37,1,1,133,133,71,27,35,39,40,54,64.5454545454545,40.2985074626866,39.3258426966292,35.4545454545455,59.7014925373134,60.6741573033708,53.3834586466165,29.3233082706767,20.3007518796992,30.0751879699248,26.3157894736842,40.6015037593985,193,120,151,187,56.1046511627907,43.8953488372093,39.0879478827362,60.9120521172638,1.0,1.0
4769,9851,France Ligue 1,Stade Rennais FC,424,66.4473684210526,33.5526315789474,1,304,111,91,102,36.5131578947368,29.9342105263158,33.5526315789474,367,354,13,1,1,152,152,63,50,39,48,41,63,56.7567567567568,54.9450549450549,38.2352941176471,43.2432432432432,45.0549450549451,61.7647058823529,41.4473684210526,31.5789473684211,32.8947368421053,26.9736842105263,25.6578947368421,41.4473684210526,205,161,162,193,55.858310626703,44.141689373297,45.4802259887006,54.5197740112994,1.0,1.0
13274,10228,Netherlands Eredivisie,SC Heerenveen,393,65.8088235294118,34.1911764705882,1,272,107,72,93,39.3382352941176,26.4705882352941,34.1911764705882,470,455,15,1,1,136,136,65,33,38,42,39,55,60.7476635514019,45.8333333333333,40.8602150537634,39.2523364485981,54.1666666666667,59.1397849462366,47.7941176470588,30.8823529411765,24.2647058823529,28.6764705882353,27.9411764705882,40.4411764705882,267,202,203,253,56.8085106382979,43.1914893617021,44.3956043956044,55.6043956043956,1.0,1.0
1729,8466,England Premier League,Southampton,220,65.7894736842105,34.2105263157895,1,152,60,40,52,39.4736842105263,26.3157894736842,34.2105263157895,216,180,36,1,1,76,76,36,20,20,24,20,32,60.0,50.0,38.4615384615385,40.0,50.0,61.5384615384615,47.3684210526316,31.5789473684211,26.3157894736842,26.3157894736842,26.3157894736842,42.1052631578947,134,82,82,98,62.037037037037,37.962962962963,45.5555555555556,54.4444444444444,1.0,1.0
10257,8543,Italy Serie A,Lazio,458,65.1162790697674,34.8837209302326,2,301,131,65,105,43.5215946843854,21.5946843853821,34.8837209302326,417,364,53,1,1,151,150,81,31,39,50,34,66,61.8320610687023,47.6923076923077,37.1428571428571,38.1679389312977,52.3076923076923,62.8571428571429,53.6423841059603,33.3333333333333,20.5298013245033,22.6666666666667,25.8278145695364,44.0,239,151,178,213,57.3141486810552,42.6858513189448,41.4835164835165,58.5164835164835,1.0,1.0
13274,8277,Netherlands Eredivisie,Vitesse,386,64.7058823529412,35.2941176470588,1,272,105,71,96,38.6029411764706,26.1029411764706,35.2941176470588,423,386,37,1,1,136,136,60,45,31,45,26,65,57.1428571428571,63.3802816901408,32.2916666666667,42.8571428571429,36.6197183098592,67.7083333333333,44.1176470588235,33.0882352941176,33.0882352941176,19.1176470588235,22.7941176470588,47.7941176470588,234,161,189,225,55.3191489361702,44.6808510638298,41.7098445595855,58.2901554404145,1.0,1.0
13274,9908,Netherlands Eredivisie,FC Utrecht,385,64.3382352941177,35.6617647058824,1,272,105,70,97,38.6029411764706,25.7352941176471,35.6617647058824,408,402,6,1,1,136,136,69,37,30,36,33,67,65.7142857142857,52.8571428571429,30.9278350515464,34.2857142857143,47.1428571428571,69.0721649484536,50.7352941176471,26.4705882352941,27.2058823529412,24.2647058823529,22.0588235294118,49.2647058823529,245,175,163,227,60.0490196078431,39.9509803921569,43.5323383084577,56.4676616915423,1.0,1.0
7809,9905,Germany 1. Bundesliga,1. FSV Mainz 05,329,64.2857142857143,35.7142857142857,1,238,88,65,85,36.9747899159664,27.3109243697479,35.7142857142857,320,319,1,1,1,119,119,55,29,35,33,36,50,62.5,44.6153846153846,41.1764705882353,37.5,55.3846153846154,58.8235294117647,46.218487394958,27.7310924369748,24.3697478991597,30.2521008403361,29.4117647058824,42.0168067226891,171,129,149,190,53.4375,46.5625,40.4388714733542,59.5611285266458,1.0,1.0
21518,8315,Spain LIGA BBVA,Athletic Club de Bilbao,437,63.4868421052632,36.5131578947368,1,304,122,71,111,40.1315789473684,23.3552631578947,36.5131578947368,415,412,3,1,1,152,152,80,31,41,42,40,70,65.5737704918033,43.6619718309859,36.9369369369369,34.4262295081967,56.3380281690141,63.0630630630631,52.6315789473684,27.6315789473684,20.3947368421053,26.3157894736842,26.9736842105263,46.0526315789474,250,176,165,236,60.2409638554217,39.7590361445783,42.7184466019417,57.2815533980583,1.0,1.0
4769,9941,France Ligue 1,Toulouse FC,399,63.4868421052632,36.5131578947368,1,304,103,90,111,33.8815789473684,29.6052631578947,36.5131578947368,339,352,-13,1,1,152,152,62,50,40,41,40,71,60.1941747572816,55.5555555555556,36.036036036036,39.8058252427184,44.4444444444444,63.963963963964,40.7894736842105,26.9736842105263,32.8947368421053,26.3157894736842,26.3157894736842,46.7105263157895,194,150,145,202,57.2271386430678,42.7728613569322,42.6136363636364,57.3863636363636,1.0,0.0
10257,8600,Italy Serie A,Udinese,421,63.2450331125828,36.7549668874172,1,302,115,76,111,38.0794701986755,25.1655629139073,36.7549668874172,415,404,11,1,1,151,151,77,37,37,38,39,74,66.9565217391304,48.6842105263158,33.3333333333333,33.0434782608696,51.3157894736842,66.6666666666667,50.9933774834437,25.1655629139073,24.5033112582781,25.8278145695364,24.5033112582781,49.0066225165563,236,169,179,235,56.8674698795181,43.1325301204819,41.8316831683168,58.1683168316832,1.0,1.0
10257,8534,Italy Serie A,Empoli,88,63.1578947368421,36.8421052631579,1,76,20,28,28,26.3157894736842,36.8421052631579,36.8421052631579,86,101,-15,1,1,38,38,13,14,11,7,14,17,65.0,50.0,39.2857142857143,35.0,50.0,60.7142857142857,34.2105263157895,18.4210526315789,36.8421052631579,36.8421052631579,28.9473684210526,44.7368421052632,48,42,38,59,55.8139534883721,44.1860465116279,41.5841584158416,58.4158415841584,1.0,1.0
4769,8121,France Ligue 1,Angers SCO,50,63.1578947368421,36.8421052631579,1,38,13,11,14,34.2105263157895,28.9473684210526,36.8421052631579,40,38,2,1,1,19,19,6,8,5,7,3,9,46.1538461538462,72.7272727272727,35.7142857142857,53.8461538461538,27.2727272727273,64.2857142857143,31.5789473684211,36.8421052631579,42.1052631578947,15.7894736842105,26.3157894736842,47.3684210526316,20,15,20,23,50.0,50.0,39.4736842105263,60.5263157894737,1.0,1.0
7809,9788,Germany 1. Bundesliga,Borussia Mönchengladbach,389,62.8676470588235,37.1323529411765,1,272,109,62,101,40.0735294117647,22.7941176470588,37.1323529411765,403,379,24,1,1,136,136,71,31,34,38,31,67,65.1376146788991,50.0,33.6633663366337,34.8623853211009,50.0,66.3366336633663,52.2058823529412,27.9411764705882,22.7941176470588,22.7941176470588,25.0,49.2647058823529,242,159,161,220,60.0496277915633,39.9503722084367,41.9525065963061,58.0474934036939,1.0,1.0
13274,8674,Netherlands Eredivisie,FC Groningen,389,62.8676470588235,37.1323529411765,1,272,109,62,101,40.0735294117647,22.7941176470588,37.1323529411765,390,403,-13,1,1,136,136,72,31,33,37,31,68,66.0550458715596,50.0,32.6732673267327,33.9449541284404,50.0,67.3267326732673,52.9411764705882,27.2058823529412,22.7941176470588,22.7941176470588,24.2647058823529,50.0,225,154,165,249,57.6923076923077,42.3076923076923,38.2133995037221,61.7866004962779,1.0,1.0
21518,8560,Spain LIGA BBVA,Real Sociedad,311,62.719298245614,37.280701754386,1,228,84,59,85,36.8421052631579,25.8771929824561,37.280701754386,316,321,-5,1,1,114,114,57,29,28,27,30,57,67.8571428571429,49.1525423728814,32.9411764705882,32.1428571428571,50.8474576271186,67.0588235294118,50.0,23.6842105263158,25.4385964912281,26.3157894736842,24.5614035087719,50.0,186,120,130,201,58.8607594936709,41.1392405063291,37.3831775700935,62.6168224299065,1.0,1.0
10257,9882,Italy Serie A,Sampdoria,333,62.0300751879699,37.9699248120301,1,266,84,81,101,31.5789473684211,30.4511278195489,37.9699248120301,318,358,-40,1,1,133,133,56,42,35,28,39,66,66.6666666666667,51.8518518518519,34.6534653465347,33.3333333333333,48.1481481481481,65.3465346534653,42.1052631578947,21.0526315789474,31.5789473684211,29.3233082706767,26.3157894736842,49.6240601503759,190,143,128,215,59.748427672956,40.251572327044,39.9441340782123,60.0558659217877,1.0,0.0
4769,8689,France Ligue 1,FC Lorient,382,61.8421052631579,38.1578947368421,1,304,97,91,116,31.9078947368421,29.9342105263158,38.1578947368421,378,405,-27,1,1,152,152,62,53,37,35,38,79,63.9175257731959,58.2417582417582,31.8965517241379,36.0824742268041,41.7582417582418,68.1034482758621,40.7894736842105,23.0263157894737,34.8684210526316,25.0,24.3421052631579,51.9736842105263,214,154,164,251,56.6137566137566,43.3862433862434,38.0246913580247,61.9753086419753,1.0,1.0
1729,8658,England Premier League,Birmingham City,89,61.8421052631579,38.1578947368421,1,76,21,26,29,27.6315789473684,34.2105263157895,38.1578947368421,75,105,-30,0,1,38,38,14,17,7,7,9,22,66.6666666666667,65.3846153846154,24.1379310344828,33.3333333333333,34.6153846153846,75.8620689655172,36.8421052631579,18.4210526315789,44.7368421052632,23.6842105263158,18.4210526315789,57.8947368421053,38,35,37,70,50.6666666666667,49.3333333333333,33.3333333333333,66.6666666666667,1.0,0.0
4769,9831,France Ligue 1,OGC Nice,399,61.5131578947368,38.4868421052632,1,304,106,81,117,34.8684210526316,26.6447368421053,38.4868421052632,342,376,-34,1,1,152,152,69,42,41,37,39,76,65.0943396226415,51.8518518518519,35.042735042735,34.9056603773585,48.1481481481481,64.957264957265,45.3947368421053,24.3421052631579,27.6315789473684,25.6578947368421,26.9736842105263,50.0,198,150,144,226,57.8947368421053,42.1052631578947,39.8936170212766,60.1063829787234,1.0,0.0
10257,7943,Italy Serie A,Sassuolo,144,61.4035087719298,38.5964912280702,1,114,37,33,44,32.4561403508772,28.9473684210526,38.5964912280702,141,169,-28,1,1,57,57,20,18,19,17,15,25,54.0540540540541,54.5454545454545,43.1818181818182,45.9459459459459,45.4545454545455,56.8181818181818,35.0877192982456,29.8245614035088,31.5789473684211,26.3157894736842,33.3333333333333,43.859649122807,73,81,68,88,51.7730496453901,48.2269503546099,47.9289940828402,52.0710059171598,1.0,1.0
10257,10233,Italy Serie A,Genoa,397,61.2582781456954,38.7417218543046,1,302,106,79,117,35.0993377483444,26.158940397351,38.7417218543046,392,411,-19,1,1,151,151,74,39,38,32,40,79,69.811320754717,49.3670886075949,32.4786324786325,30.188679245283,50.6329113924051,67.5213675213675,49.0066225165563,21.1920529801325,25.8278145695364,26.4900662251656,25.1655629139073,52.317880794702,249,184,143,227,63.5204081632653,36.4795918367347,44.7688564476886,55.2311435523114,1.0,0.0
10257,9804,Italy Serie A,Torino,230,61.0526315789474,38.9473684210526,1,190,57,59,74,30.0,31.0526315789474,38.9473684210526,241,264,-23,1,1,95,95,36,29,30,21,30,44,63.1578947368421,49.1525423728814,40.5405405405405,36.8421052631579,50.8474576271186,59.4594594594595,37.8947368421053,22.1052631578947,30.5263157894737,31.5789473684211,31.5789473684211,46.3157894736842,125,110,116,154,51.8672199170124,48.1327800829876,41.6666666666667,58.3333333333333,1.0,1.0
7809,8697,Germany 1. Bundesliga,SV Werder Bremen,343,60.6617647058823,39.3382352941176,1,272,89,76,107,32.7205882352941,27.9411764705882,39.3382352941176,423,471,-48,1,1,136,136,56,40,40,33,36,67,62.9213483146067,52.6315789473684,37.3831775700935,37.0786516853933,47.3684210526316,62.6168224299065,41.1764705882353,24.2647058823529,29.4117647058824,26.4705882352941,29.4117647058824,49.2647058823529,230,203,193,268,54.3735224586288,45.6264775413712,43.0997876857749,56.9002123142251,1.0,1.0
10257,10167,Italy Serie A,Parma,285,60.6194690265487,39.3805309734513,1,226,74,63,89,32.7433628318584,27.8761061946903,39.3805309734513,272,315,-43,1,1,113,113,50,32,31,24,31,58,67.5675675675676,50.7936507936508,34.8314606741573,32.4324324324324,49.2063492063492,65.1685393258427,44.2477876106195,21.2389380530973,28.3185840707965,27.4336283185841,27.4336283185841,51.3274336283186,151,114,121,201,55.5147058823529,44.4852941176471,36.1904761904762,63.8095238095238,1.0,1.0
21518,9864,Spain LIGA BBVA,Málaga CF,396,60.5263157894737,39.4736842105263,1,304,106,78,120,34.8684210526316,25.6578947368421,39.4736842105263,377,407,-30,1,1,152,152,67,40,45,39,38,75,63.2075471698113,51.2820512820513,37.5,36.7924528301887,48.7179487179487,62.5,44.0789473684211,25.6578947368421,26.3157894736842,25.0,29.6052631578947,49.3421052631579,222,168,155,239,58.8859416445623,41.1140583554377,41.2776412776413,58.7223587223587,1.0,1.0
1729,10194,England Premier League,Stoke City,380,60.5263157894737,39.4736842105263,1,304,98,86,120,32.2368421052632,28.2894736842105,39.4736842105263,322,401,-79,1,1,152,152,69,43,40,29,43,80,70.4081632653061,50.0,33.3333333333333,29.5918367346939,50.0,66.6666666666667,45.3947368421053,19.0789473684211,28.2894736842105,28.2894736842105,26.3157894736842,52.6315789473684,204,159,118,242,63.3540372670807,36.6459627329193,39.6508728179551,60.3491271820449,1.0,0.0
13274,6413,Netherlands Eredivisie,PEC Zwolle,180,60.2941176470588,39.7058823529412,1,136,49,33,54,36.0294117647059,24.2647058823529,39.7058823529412,204,201,3,1,1,68,68,31,17,20,18,16,34,63.265306122449,51.5151515151515,37.037037037037,36.734693877551,48.4848484848485,62.962962962963,45.5882352941176,26.4705882352941,25.0,23.5294117647059,29.4117647058824,50.0,124,91,80,110,60.7843137254902,39.2156862745098,45.273631840796,54.726368159204,1.0,1.0
1729,10003,England Premier League,Swansea City,238,60.0,40.0,1,190,62,52,76,32.6315789473684,27.3684210526316,40.0,233,257,-24,1,1,95,95,37,31,27,25,21,49,59.6774193548387,59.6153846153846,35.5263157894737,40.3225806451613,40.3846153846154,64.4736842105263,38.9473684210526,26.3157894736842,32.6315789473684,22.1052631578947,28.4210526315789,51.5789473684211,135,112,98,145,57.9399141630901,42.0600858369099,43.579766536965,56.420233463035,1.0,1.0
7809,8226,Germany 1. Bundesliga,TSG 1899 Hoffenheim,337,59.9264705882353,40.0735294117647,1,272,87,76,109,31.9852941176471,27.9411764705882,40.0735294117647,400,434,-34,1,1,136,136,52,44,40,35,32,69,59.7701149425287,57.8947368421053,36.697247706422,40.2298850574713,42.1052631578947,63.302752293578,38.2352941176471,25.7352941176471,32.3529411764706,23.5294117647059,29.4117647058824,50.7352941176471,222,188,178,246,55.5,44.5,43.3179723502304,56.6820276497696,1.0,1.0
10257,8540,Italy Serie A,Palermo,341,59.7744360902256,40.2255639097744,1,266,91,68,107,34.2105263157895,25.5639097744361,40.2255639097744,351,396,-45,1,1,133,133,67,30,36,24,38,71,73.6263736263736,44.1176470588235,33.6448598130841,26.3736263736264,55.8823529411765,66.3551401869159,50.3759398496241,18.0451127819549,22.5563909774436,28.5714285714286,27.0676691729323,53.3834586466165,225,178,126,218,64.1025641025641,35.8974358974359,44.9494949494949,55.0505050505051,1.0,0.0
21518,9783,Spain LIGA BBVA,RC Deportivo de La Coruña,260,59.6491228070175,40.3508771929825,1,228,62,74,92,27.1929824561403,32.4561403508772,40.3508771929825,241,334,-93,1,1,114,114,42,35,37,20,39,55,67.741935483871,47.2972972972973,40.2173913043478,32.258064516129,52.7027027027027,59.7826086956522,36.8421052631579,17.5438596491228,30.7017543859649,34.2105263157895,32.4561403508772,48.2456140350877,144,148,97,186,59.7510373443983,40.2489626556017,44.311377245509,55.688622754491,1.0,0.0
7809,10269,Germany 1. Bundesliga,VfB Stuttgart,358,58.8235294117647,41.1764705882353,1,272,99,61,112,36.3970588235294,22.4264705882353,41.1764705882353,415,441,-26,1,1,136,136,58,26,52,41,35,60,58.5858585858586,42.6229508196721,46.4285714285714,41.4141414141414,57.3770491803279,53.5714285714286,42.6470588235294,30.1470588235294,19.1176470588235,25.7352941176471,38.2352941176471,44.1176470588235,219,195,196,246,52.7710843373494,47.2289156626506,44.2176870748299,55.7823129251701,1.0,1.0
13274,8464,Netherlands Eredivisie,N.E.C.,276,58.8235294117647,41.1764705882353,1,238,68,72,98,28.5714285714286,30.2521008403361,41.1764705882353,310,390,-80,1,1,119,119,44,36,39,24,36,59,64.7058823529412,50.0,39.7959183673469,35.2941176470588,50.0,60.2040816326531,36.9747899159664,20.1680672268908,30.2521008403361,30.2521008403361,32.7731092436975,49.5798319327731,174,174,136,216,56.1290322580645,43.8709677419355,44.6153846153846,55.3846153846154,1.0,1.0
7809,9912,Germany 1. Bundesliga,DSC Arminia Bielefeld,28,58.8235294117647,41.1764705882353,1,34,4,16,14,11.7647058823529,47.0588235294118,41.1764705882353,29,56,-27,0,1,17,17,2,8,7,2,8,7,50.0,50.0,50.0,50.0,50.0,50.0,11.7647058823529,11.7647058823529,47.0588235294118,47.0588235294118,41.1764705882353,41.1764705882353,16,26,13,30,55.1724137931034,44.8275862068966,46.4285714285714,53.5714285714286,0.0,0.0
7809,8406,Germany 1. Bundesliga,FC Augsburg,210,58.8235294117647,41.1764705882353,1,170,55,45,70,32.3529411764706,26.4705882352941,41.1764705882353,201,242,-41,1,1,85,85,32,25,28,23,20,42,58.1818181818182,55.5555555555556,40.0,41.8181818181818,44.4444444444444,60.0,37.6470588235294,27.0588235294118,29.4117647058824,23.5294117647059,32.9411764705882,49.4117647058824,112,111,89,131,55.7213930348259,44.2786069651741,45.8677685950413,54.1322314049587,1.0,1.0
7809,8234,Germany 1. Bundesliga,FC Ingolstadt 04,40,58.8235294117647,41.1764705882353,1,34,10,10,14,29.4117647058824,29.4117647058824,41.1764705882353,33,42,-9,0,1,17,17,7,5,5,3,5,9,70.0,50.0,35.7142857142857,30.0,50.0,64.2857142857143,41.1764705882353,17.6470588235294,29.4117647058824,29.4117647058824,29.4117647058824,52.9411764705882,22,18,11,24,66.6666666666667,33.3333333333333,42.8571428571429,57.1428571428571,1.0,0.0
7809,8262,Germany 1. Bundesliga,SV Darmstadt 98,38,58.8235294117647,41.1764705882353,1,34,9,11,14,26.4705882352941,32.3529411764706,41.1764705882353,38,53,-15,1,1,17,17,2,6,9,7,5,5,22.2222222222222,54.5454545454545,64.2857142857143,77.7777777777778,45.4545454545455,35.7142857142857,11.7647058823529,41.1764705882353,35.2941176470588,29.4117647058824,52.9411764705882,29.4117647058824,15,29,23,24,39.4736842105263,60.5263157894737,54.7169811320755,45.2830188679245,0.0,1.0
4769,9873,France Ligue 1,Valenciennes FC,264,58.7719298245614,41.2280701754386,1,228,65,69,94,28.5087719298246,30.2631578947368,41.2280701754386,256,301,-45,1,1,114,114,49,34,31,16,35,63,75.3846153846154,49.2753623188406,32.9787234042553,24.6153846153846,50.7246376811594,67.0212765957447,42.9824561403509,14.0350877192982,29.8245614035088,30.7017543859649,27.1929824561403,55.2631578947368,162,124,94,177,63.28125,36.71875,41.1960132890365,58.8039867109635,1.0,0.0
21518,9910,Spain LIGA BBVA,RC Celta de Vigo,197,58.5526315789474,41.4473684210526,1,152,54,35,63,35.5263157894737,23.0263157894737,41.4473684210526,184,209,-25,1,1,76,76,30,24,22,24,11,41,55.5555555555556,68.5714285714286,34.9206349206349,44.4444444444444,31.4285714285714,65.0793650793651,39.4736842105263,31.5789473684211,31.5789473684211,14.4736842105263,28.9473684210526,53.9473684210526,105,91,79,118,57.0652173913044,42.9347826086956,43.5406698564593,56.4593301435407,1.0,1.0
4769,9830,France Ligue 1,FC Nantes,179,58.5526315789474,41.4473684210526,1,152,45,44,63,29.6052631578947,28.9473684210526,41.4473684210526,135,181,-46,0,1,76,76,28,24,24,17,20,39,62.2222222222222,54.5454545454545,38.0952380952381,37.7777777777778,45.4545454545455,61.9047619047619,36.8421052631579,22.3684210526316,31.5789473684211,26.3157894736842,31.5789473684211,51.3157894736842,79,81,56,100,58.5185185185185,41.4814814814815,44.7513812154696,55.2486187845304,1.0,0.0
7809,9790,Germany 1. Bundesliga,Hamburger SV,345,58.4558823529412,41.5441176470588,1,272,93,66,113,34.1911764705882,24.2647058823529,41.5441176470588,344,421,-77,1,1,136,136,55,34,47,38,32,66,59.1397849462366,51.5151515151515,41.5929203539823,40.8602150537634,48.4848484848485,58.4070796460177,40.4411764705882,27.9411764705882,25.0,23.5294117647059,34.5588235294118,48.5294117647059,178,171,166,250,51.7441860465116,48.2558139534884,40.6175771971496,59.3824228028504,1.0,1.0
21518,8661,Spain LIGA BBVA,RCD Mallorca,245,58.4210526315789,41.5789473684211,1,190,67,44,79,35.2631578947368,23.1578947368421,41.5789473684211,238,278,-40,1,1,95,95,49,21,25,18,23,54,73.134328358209,47.7272727272727,31.6455696202532,26.865671641791,52.2727272727273,68.3544303797468,51.5789473684211,18.9473684210526,22.1052631578947,24.2105263157895,26.3157894736842,56.8421052631579,147,103,91,175,61.7647058823529,38.2352941176471,37.0503597122302,62.9496402877698,1.0,0.0
1729,9879,England Premier League,Fulham,275,58.3333333333333,41.6666666666667,1,228,71,62,95,31.140350877193,27.1929824561403,41.6666666666667,265,319,-54,1,1,114,114,52,24,38,19,38,57,73.2394366197183,38.7096774193548,40.0,26.7605633802817,61.2903225806452,60.0,45.6140350877193,16.6666666666667,21.0526315789474,33.3333333333333,33.3333333333333,50.0,173,148,92,171,65.2830188679245,34.7169811320755,46.3949843260188,53.6050156739812,1.0,0.0
10257,8530,Italy Serie A,Catania,264,58.0357142857143,41.9642857142857,1,224,67,63,94,29.9107142857143,28.125,41.9642857142857,251,308,-57,1,1,113,111,57,27,29,10,36,65,85.0746268656716,42.8571428571429,30.8510638297872,14.9253731343284,57.1428571428571,69.1489361702128,50.4424778761062,9.00900900900901,23.8938053097345,32.4324324324324,25.6637168141593,58.5585585585586,155,111,96,197,61.7529880478088,38.2470119521912,36.038961038961,63.961038961039,1.0,0.0
1729,8654,England Premier League,West Ham United,314,57.8947368421053,42.1052631578947,1,266,80,74,112,30.0751879699248,27.8195488721805,42.1052631578947,326,383,-57,1,1,133,133,55,32,46,25,42,66,68.75,43.2432432432432,41.0714285714286,31.25,56.7567567567568,58.9285714285714,41.3533834586466,18.796992481203,24.0601503759398,31.5789473684211,34.5864661654135,49.6240601503759,195,174,131,209,59.8159509202454,40.1840490797546,45.4308093994778,54.5691906005222,1.0,0.0
4769,7794,France Ligue 1,SC Bastia,190,57.8947368421053,42.1052631578947,1,152,51,37,64,33.5526315789474,24.3421052631579,42.1052631578947,165,212,-47,1,1,76,76,38,17,21,13,20,43,74.5098039215686,45.9459459459459,32.8125,25.4901960784314,54.0540540540541,67.1875,50.0,17.1052631578947,22.3684210526316,26.3157894736842,27.6315789473684,56.5789473684211,101,76,64,136,61.2121212121212,38.7878787878788,35.8490566037736,64.1509433962264,1.0,0.0
21518,8371,Spain LIGA BBVA,CA Osasuna,265,57.4561403508772,42.5438596491228,1,228,67,64,97,29.3859649122807,28.0701754385965,42.5438596491228,232,312,-80,1,1,114,114,48,35,31,19,29,66,71.6417910447761,54.6875,31.9587628865979,28.3582089552239,45.3125,68.0412371134021,42.1052631578947,16.6666666666667,30.7017543859649,25.4385964912281,27.1929824561403,57.8947368421053,137,110,95,202,59.051724137931,40.948275862069,35.2564102564103,64.7435897435897,1.0,0.0
10257,8533,Italy Serie A,Chievo Verona,348,57.4257425742574,42.5742574257426,1,303,87,87,129,28.7128712871287,28.7128712871287,42.5742574257426,285,367,-82,0,1,152,151,46,54,52,41,33,77,52.8735632183908,62.0689655172414,40.3100775193798,47.1264367816092,37.9310344827586,59.6899224806202,30.2631578947368,27.1523178807947,35.5263157894737,21.8543046357616,34.2105263157895,50.9933774834437,144,147,141,220,50.5263157894737,49.4736842105263,40.0544959128065,59.9455040871935,0.0,0.0
4769,7819,France Ligue 1,SM Caen,221,57.3684210526316,42.6315789473684,1,190,56,53,81,29.4736842105263,27.8947368421053,42.6315789473684,220,266,-46,1,1,95,95,34,24,37,22,29,44,60.7142857142857,45.2830188679245,45.679012345679,39.2857142857143,54.7169811320755,54.320987654321,35.7894736842105,23.1578947368421,25.2631578947368,30.5263157894737,38.9473684210526,46.3157894736842,109,115,111,151,49.5454545454545,50.4545454545455,43.2330827067669,56.7669172932331,1.0,1.0
4769,8481,France Ligue 1,AS Nancy-Lorraine,221,57.3684210526316,42.6315789473684,1,190,56,53,81,29.4736842105263,27.8947368421053,42.6315789473684,203,254,-51,1,1,95,95,30,29,36,26,24,45,53.5714285714286,54.7169811320755,44.4444444444444,46.4285714285714,45.2830188679245,55.5555555555556,31.5789473684211,27.3684210526316,30.5263157894737,25.2631578947368,37.8947368421053,47.3684210526316,103,116,100,138,50.7389162561576,49.2610837438424,45.6692913385827,54.3307086614173,1.0,1.0
1729,10252,England Premier League,Aston Villa,346,57.2368421052632,42.7631578947368,1,304,86,88,130,28.2894736842105,28.9473684210526,42.7631578947368,335,462,-127,1,1,152,152,45,50,57,41,38,73,52.3255813953488,56.8181818181818,43.8461538461538,47.6744186046512,43.1818181818182,56.1538461538462,29.6052631578947,26.9736842105263,32.8947368421053,25.0,37.5,48.0263157894737,179,198,156,264,53.4328358208955,46.5671641791045,42.8571428571429,57.1428571428571,1.0,1.0
7809,8358,Germany 1. Bundesliga,SC Freiburg,240,56.8627450980392,43.1372549019608,1,204,62,54,88,30.3921568627451,26.4705882352941,43.1372549019608,245,318,-73,1,1,102,102,38,26,38,24,28,50,61.2903225806452,48.1481481481481,43.1818181818182,38.7096774193548,51.8518518518519,56.8181818181818,37.2549019607843,23.5294117647059,25.4901960784314,27.4509803921569,37.2549019607843,49.0196078431373,133,140,112,178,54.2857142857143,45.7142857142857,44.0251572327044,55.9748427672956,1.0,1.0
10257,8529,Italy Serie A,Cagliari,302,56.8181818181818,43.1818181818182,1,264,76,74,114,28.7878787878788,28.030303030303,43.1818181818182,309,378,-69,1,1,132,132,52,34,46,24,40,68,68.4210526315789,45.9459459459459,40.3508771929825,31.5789473684211,54.0540540540541,59.6491228070175,39.3939393939394,18.1818181818182,25.7575757575758,30.3030303030303,34.8484848484849,51.5151515151515,181,167,128,211,58.5760517799353,41.4239482200647,44.1798941798942,55.8201058201058,1.0,0.0
7809,9810,Germany 1. Bundesliga,Eintracht Frankfurt,279,56.7226890756302,43.2773109243698,1,238,72,63,103,30.2521008403361,26.4705882352941,43.2773109243698,296,380,-84,1,1,119,119,46,33,40,26,30,63,63.8888888888889,52.3809523809524,38.8349514563107,36.1111111111111,47.6190476190476,61.1650485436893,38.6554621848739,21.8487394957983,27.7310924369748,25.2100840336134,33.6134453781513,52.9411764705882,176,176,120,204,59.4594594594595,40.5405405405405,46.3157894736842,53.6842105263158,1.0,1.0
13274,9791,Netherlands Eredivisie,Heracles Almelo,340,56.6176470588235,43.3823529411765,1,272,93,61,118,34.1911764705882,22.4264705882353,43.3823529411765,403,463,-60,1,1,136,136,59,36,41,34,25,77,63.4408602150538,59.0163934426229,34.7457627118644,36.5591397849462,40.9836065573771,65.2542372881356,43.3823529411765,25.0,26.4705882352941,18.3823529411765,30.1470588235294,56.6176470588235,235,191,168,272,58.3126550868486,41.6873449131514,41.2526997840173,58.7473002159827,1.0,1.0
4769,9837,France Ligue 1,Stade de Reims,174,56.5789473684211,43.4210526315789,1,152,44,42,66,28.9473684210526,27.6315789473684,43.4210526315789,168,217,-49,1,1,76,76,30,21,25,14,21,41,68.1818181818182,50.0,37.8787878787879,31.8181818181818,50.0,62.1212121212121,39.4736842105263,18.4210526315789,27.6315789473684,27.6315789473684,32.8947368421053,53.9473684210526,98,91,70,126,58.3333333333333,41.6666666666667,41.9354838709677,58.0645161290323,1.0,0.0
10257,8524,Italy Serie A,Atalanta,306,56.2737642585551,43.7262357414449,1,263,79,69,115,30.0380228136882,26.2357414448669,43.7262357414449,283,352,-69,1,1,132,131,55,35,42,24,34,73,69.620253164557,50.7246376811594,36.5217391304348,30.379746835443,49.2753623188406,63.4782608695652,41.6666666666667,18.3206106870229,26.5151515151515,25.9541984732824,31.8181818181818,55.7251908396947,170,151,113,201,60.0706713780919,39.9293286219081,42.8977272727273,57.1022727272727,1.0,0.0
13274,10217,Netherlands Eredivisie,ADO Den Haag,311,56.25,43.75,1,272,79,74,119,29.0441176470588,27.2058823529412,43.75,366,468,-102,1,1,136,136,50,39,47,29,35,72,63.2911392405063,52.7027027027027,39.4957983193277,36.7088607594937,47.2972972972973,60.5042016806723,36.7647058823529,21.3235294117647,28.6764705882353,25.7352941176471,34.5588235294118,52.9411764705882,204,200,162,268,55.7377049180328,44.2622950819672,42.7350427350427,57.2649572649573,1.0,1.0
10257,9876,Italy Serie A,Hellas Verona,128,56.140350877193,43.859649122807,1,114,32,32,50,28.0701754385965,28.0701754385965,43.859649122807,145,196,-51,1,1,57,57,21,14,22,11,18,28,65.625,43.75,44.0,34.375,56.25,56.0,36.8421052631579,19.2982456140351,24.5614035087719,31.5789473684211,38.5964912280702,49.1228070175439,83,88,62,108,57.2413793103448,42.7586206896552,44.8979591836735,55.1020408163265,1.0,1.0
21518,8558,Spain LIGA BBVA,RCD Espanyol,364,55.9210526315789,44.0789473684211,1,304,97,73,134,31.9078947368421,24.0131578947368,44.0789473684211,338,434,-96,1,1,152,152,67,40,45,30,33,89,69.0721649484536,54.7945205479452,33.5820895522388,30.9278350515464,45.2054794520548,66.4179104477612,44.0789473684211,19.7368421052632,26.3157894736842,21.7105263157895,29.6052631578947,58.5526315789474,205,182,133,252,60.6508875739645,39.3491124260355,41.9354838709677,58.0645161290323,1.0,0.0
1729,8472,England Premier League,Sunderland,326,55.9210526315789,44.0789473684211,1,304,78,92,134,25.6578947368421,30.2631578947368,44.0789473684211,333,441,-108,1,1,152,152,49,47,56,29,45,78,62.8205128205128,51.0869565217391,41.7910447761194,37.1794871794872,48.9130434782609,58.2089552238806,32.2368421052632,19.0789473684211,30.9210526315789,29.6052631578947,36.8421052631579,51.3157894736842,184,181,149,260,55.2552552552553,44.7447447447447,41.0430839002268,58.9569160997732,1.0,0.0
10257,9857,Italy Serie A,Bologna,283,55.893536121673,44.106463878327,1,263,68,79,116,25.8555133079848,30.0380228136882,44.106463878327,263,365,-102,1,1,131,132,41,39,51,27,40,65,60.2941176470588,49.3670886075949,43.9655172413793,39.7058823529412,50.6329113924051,56.0344827586207,31.2977099236641,20.4545454545455,29.7709923664122,30.3030303030303,38.9312977099237,49.2424242424242,155,173,108,192,58.93536121673,41.06463878327,47.3972602739726,52.6027397260274,1.0,0.0
7809,8177,Germany 1. Bundesliga,Hertha BSC Berlin,244,55.8823529411765,44.1176470588235,1,204,65,49,90,31.8627450980392,24.0196078431373,44.1176470588235,238,303,-65,1,1,102,102,38,24,40,27,25,50,58.4615384615385,48.9795918367347,44.4444444444444,41.5384615384615,51.0204081632653,55.5555555555556,37.2549019607843,26.4705882352941,23.5294117647059,24.5098039215686,39.2156862745098,49.0196078431373,119,130,119,173,50.0,50.0,42.9042904290429,57.0957095709571,1.0,1.0
7809,8722,Germany 1. Bundesliga,1. FC Köln,234,55.8823529411765,44.1176470588235,1,204,60,54,90,29.4117647058824,26.4705882352941,44.1176470588235,226,311,-85,1,1,102,102,32,31,39,28,23,51,53.3333333333333,57.4074074074074,43.3333333333333,46.6666666666667,42.5925925925926,56.6666666666667,31.3725490196078,27.4509803921569,30.3921568627451,22.5490196078431,38.2352941176471,50.0,116,139,110,172,51.3274336283186,48.6725663716814,44.6945337620579,55.3054662379421,1.0,1.0
1729,8659,England Premier League,West Bromwich Albion,298,55.6390977443609,44.3609022556391,1,266,75,73,118,28.1954887218045,27.4436090225564,44.3609022556391,305,405,-100,1,1,133,133,47,34,52,28,39,66,62.6666666666667,46.5753424657534,44.0677966101695,37.3333333333333,53.4246575342466,55.9322033898305,35.3383458646617,21.0526315789474,25.5639097744361,29.3233082706767,39.0977443609023,49.6240601503759,177,189,128,216,58.0327868852459,41.9672131147541,46.6666666666667,53.3333333333333,1.0,0.0
1729,10261,England Premier League,Newcastle United,311,55.2631578947368,44.7368421052632,1,266,82,65,119,30.8270676691729,24.4360902255639,44.7368421052632,324,422,-98,1,1,133,133,53,36,44,29,29,75,64.6341463414634,55.3846153846154,36.9747899159664,35.3658536585366,44.6153846153846,63.0252100840336,39.8496240601504,21.8045112781955,27.0676691729323,21.8045112781955,33.0827067669173,56.390977443609,199,183,125,239,61.4197530864198,38.5802469135802,43.3649289099526,56.6350710900474,1.0,0.0
4769,9874,France Ligue 1,FC Sochaux-Montbéliard,264,55.2631578947368,44.7368421052632,1,228,69,57,102,30.2631578947368,25.0,44.7368421052632,246,321,-75,1,1,114,114,50,27,37,19,30,65,72.463768115942,47.3684210526316,36.2745098039216,27.536231884058,52.6315789473684,63.7254901960784,43.859649122807,16.6666666666667,23.6842105263158,26.3157894736842,32.4561403508772,57.0175438596491,144,131,102,190,58.5365853658537,41.4634146341463,40.809968847352,59.190031152648,1.0,0.0
21518,8696,Spain LIGA BBVA,Racing Santander,158,55.2631578947368,44.7368421052632,1,152,37,47,68,24.3421052631579,30.9210526315789,44.7368421052632,160,226,-66,1,1,76,76,20,26,30,17,21,38,54.0540540540541,55.3191489361702,44.1176470588235,45.9459459459459,44.6808510638298,55.8823529411765,26.3157894736842,22.3684210526316,34.2105263157895,27.6315789473684,39.4736842105263,50.0,81,99,79,127,50.625,49.375,43.8053097345133,56.1946902654867,1.0,1.0
21518,10281,Spain LIGA BBVA,Real Valladolid,158,55.2631578947368,44.7368421052632,1,152,37,47,68,24.3421052631579,30.9210526315789,44.7368421052632,170,238,-68,1,1,76,76,25,28,23,12,19,45,67.5675675675676,59.5744680851064,33.8235294117647,32.4324324324324,40.4255319148936,66.1764705882353,32.8947368421053,15.7894736842105,36.8421052631579,25.0,30.2631578947368,59.2105263157895,94,92,76,146,55.2941176470588,44.7058823529412,38.6554621848739,61.3445378151261,1.0,1.0
1729,9817,England Premier League,Watford,45,55.2631578947368,44.7368421052632,1,38,12,9,17,31.5789473684211,23.6842105263158,44.7368421052632,40,50,-10,1,1,19,19,6,6,7,6,3,10,50.0,66.6666666666667,41.1764705882353,50.0,33.3333333333333,58.8235294117647,31.5789473684211,31.5789473684211,31.5789473684211,15.7894736842105,36.8421052631579,52.6315789473684,20,19,20,31,50.0,50.0,38.0,62.0,1.0,1.0
4769,6391,France Ligue 1,GFC Ajaccio,37,55.2631578947368,44.7368421052632,1,38,8,13,17,21.0526315789474,34.2105263157895,44.7368421052632,37,58,-21,0,1,19,19,5,7,7,3,6,10,62.5,53.8461538461538,41.1764705882353,37.5,46.1538461538462,58.8235294117647,26.3157894736842,15.7894736842105,36.8421052631579,31.5789473684211,36.8421052631579,52.6315789473684,23,32,14,26,62.1621621621622,37.8378378378378,55.1724137931034,44.8275862068966,1.0,0.0
21518,8581,Spain LIGA BBVA,Levante UD,263,54.8245614035088,45.1754385964912,1,228,69,56,103,30.2631578947368,24.5614035087719,45.1754385964912,241,339,-98,1,1,114,114,48,28,38,21,28,65,69.5652173913043,50.0,36.8932038834951,30.4347826086957,50.0,63.1067961165049,42.1052631578947,18.4210526315789,24.5614035087719,24.5614035087719,33.3333333333333,57.0175438596491,145,137,96,202,60.1659751037344,39.8340248962656,40.4129793510324,59.5870206489676,1.0,0.0
13274,9803,Netherlands Eredivisie,Roda JC Kerkrade,272,54.6218487394958,45.3781512605042,1,238,71,59,108,29.8319327731092,24.7899159663866,45.3781512605042,343,431,-88,1,1,119,119,44,36,39,27,23,69,61.9718309859155,61.0169491525424,36.1111111111111,38.0281690140845,38.9830508474576,63.8888888888889,36.9747899159664,22.6890756302521,30.2521008403361,19.327731092437,32.7731092436975,57.9831932773109,192,167,151,264,55.9766763848396,44.0233236151604,38.7470997679814,61.2529002320186,1.0,1.0
7809,9904,Germany 1. Bundesliga,Hannover 96,330,54.4117647058823,45.5882352941176,1,272,91,57,124,33.4558823529412,20.9558823529412,45.5882352941176,359,465,-106,1,1,136,136,62,33,41,29,24,83,68.1318681318681,57.8947368421053,33.0645161290323,31.8681318681319,42.1052631578947,66.9354838709677,45.5882352941176,21.3235294117647,24.2647058823529,17.6470588235294,30.1470588235294,61.0294117647059,218,195,141,270,60.7242339832869,39.2757660167131,41.9354838709677,58.0645161290323,1.0,1.0
4769,8576,France Ligue 1,AC Ajaccio,106,54.3859649122807,45.6140350877193,1,114,22,40,52,19.2982456140351,35.0877192982456,45.6140350877193,116,184,-68,1,1,57,57,16,19,22,6,21,30,72.7272727272727,47.5,42.3076923076923,27.2727272727273,52.5,57.6923076923077,28.0701754385965,10.5263157894737,33.3333333333333,36.8421052631579,38.5964912280702,52.6315789473684,64,77,52,107,55.1724137931034,44.8275862068966,41.8478260869565,58.1521739130435,1.0,0.0
4769,8521,France Ligue 1,Stade Brestois 29,116,54.3859649122807,45.6140350877193,1,114,27,35,52,23.6842105263158,30.7017543859649,45.6140350877193,99,143,-44,0,1,57,57,18,20,19,9,15,33,66.6666666666667,57.1428571428571,36.5384615384615,33.3333333333333,42.8571428571429,63.4615384615385,31.5789473684211,15.7894736842105,35.0877192982456,26.3157894736842,33.3333333333333,57.8947368421053,60,60,39,83,60.6060606060606,39.3939393939394,41.958041958042,58.041958041958,1.0,0.0
21518,8305,Spain LIGA BBVA,Getafe CF,353,54.2763157894737,45.7236842105263,1,304,94,71,139,30.9210526315789,23.3552631578947,45.7236842105263,345,457,-112,1,1,152,152,62,39,51,32,32,88,65.9574468085106,54.9295774647887,36.6906474820144,34.0425531914894,45.0704225352113,63.3093525179856,40.7894736842105,21.0526315789474,25.6578947368421,21.0526315789474,33.5526315789474,57.8947368421053,202,179,143,278,58.5507246376812,41.4492753623188,39.1684901531729,60.8315098468271,1.0,0.0
21518,8603,Spain LIGA BBVA,Real Betis Balompié,215,54.2105263157895,45.7894736842105,1,190,56,47,87,29.4736842105263,24.7368421052632,45.7894736842105,225,300,-75,1,1,95,95,31,29,35,25,18,52,55.3571428571429,61.7021276595745,40.2298850574713,44.6428571428571,38.2978723404255,59.7701149425287,32.6315789473684,26.3157894736842,30.5263157894737,18.9473684210526,36.8421052631579,54.7368421052632,116,122,109,178,51.5555555555556,48.4444444444444,40.6666666666667,59.3333333333333,1.0,1.0
13274,9761,Netherlands Eredivisie,NAC Breda,271,54.2016806722689,45.7983193277311,1,238,71,58,109,29.8319327731092,24.3697478991597,45.7983193277311,294,395,-101,1,1,119,119,48,28,43,23,30,66,67.6056338028169,48.2758620689655,39.4495412844037,32.3943661971831,51.7241379310345,60.5504587155963,40.3361344537815,19.327731092437,23.5294117647059,25.2100840336134,36.1344537815126,55.4621848739496,170,160,124,235,57.8231292517007,42.1768707482993,40.5063291139241,59.4936708860759,1.0,1.0
7809,8165,Germany 1. Bundesliga,1. FC Nürnberg,190,54.1176470588235,45.8823529411765,1,170,49,43,78,28.8235294117647,25.2941176470588,45.8823529411765,193,269,-76,1,1,85,85,30,21,34,19,22,44,61.2244897959184,48.8372093023256,43.5897435897436,38.7755102040816,51.1627906976744,56.4102564102564,35.2941176470588,22.3529411764706,24.7058823529412,25.8823529411765,40.0,51.7647058823529,108,118,85,151,55.9585492227979,44.0414507772021,43.8661710037175,56.1338289962825,1.0,1.0
21518,10268,Spain LIGA BBVA,Elche CF,81,53.9473684210526,46.0526315789474,1,76,20,21,35,26.3157894736842,27.6315789473684,46.0526315789474,65,112,-47,0,1,38,38,12,11,15,8,10,20,60.0,52.3809523809524,42.8571428571429,40.0,47.6190476190476,57.1428571428571,31.5789473684211,21.0526315789474,28.9473684210526,26.3157894736842,39.4736842105263,52.6315789473684,32,43,33,69,49.2307692307692,50.7692307692308,38.3928571428571,61.6071428571429,0.0,0.0
1729,8528,England Premier League,Wigan Athletic,202,53.6842105263158,46.3157894736842,1,190,50,52,88,26.3157894736842,27.3684210526316,46.3157894736842,200,320,-120,1,1,95,95,28,33,34,22,19,54,56.0,63.4615384615385,38.6363636363636,44.0,36.5384615384615,61.3636363636364,29.4736842105263,23.1578947368421,34.7368421052632,20.0,35.7894736842105,56.8421052631579,106,142,94,178,53.0,47.0,44.375,55.625,1.0,0.0
1729,9826,England Premier League,Crystal Palace,135,53.5087719298246,46.4912280701754,1,114,37,24,53,32.4561403508772,21.0526315789474,46.4912280701754,119,150,-31,1,1,57,57,20,9,28,17,15,25,54.0540540540541,37.5,52.8301886792453,45.9459459459459,62.5,47.1698113207547,35.0877192982456,29.8245614035088,15.7894736842105,26.3157894736842,49.1228070175439,43.859649122807,58,73,61,77,48.7394957983193,51.2605042016807,48.6666666666667,51.3333333333333,1.0,1.0
4769,9747,France Ligue 1,En Avant de Guingamp,135,53.5087719298246,46.4912280701754,1,114,37,24,53,32.4561403508772,21.0526315789474,46.4912280701754,122,153,-31,1,1,57,57,23,12,22,14,12,31,62.1621621621622,50.0,41.5094339622642,37.8378378378378,50.0,58.4905660377358,40.3508771929825,24.5614035087719,21.0526315789474,21.0526315789474,38.5964912280702,54.3859649122807,75,69,47,84,61.4754098360656,38.5245901639344,45.0980392156863,54.9019607843137,1.0,0.0
4769,4087,France Ligue 1,Évian Thonon Gaillard FC,171,53.2894736842105,46.7105263157895,1,152,45,36,71,29.6052631578947,23.6842105263158,46.7105263157895,180,221,-41,1,1,76,76,29,17,30,16,19,41,64.4444444444444,47.2222222222222,42.2535211267606,35.5555555555556,52.7777777777778,57.7464788732394,38.1578947368421,21.0526315789474,22.3684210526316,25.0,39.4736842105263,53.9473684210526,105,103,75,118,58.3333333333333,41.6666666666667,46.606334841629,53.393665158371,1.0,0.0
1729,8655,England Premier League,Blackburn Rovers,165,53.2894736842105,46.7105263157895,1,152,42,39,71,27.6315789473684,25.6578947368421,46.7105263157895,175,252,-77,1,1,76,76,29,21,26,13,18,45,69.0476190476191,53.8461538461538,36.6197183098592,30.952380952381,46.1538461538462,63.3802816901408,38.1578947368421,17.1052631578947,27.6315789473684,23.6842105263158,34.2105263157895,59.2105263157895,98,90,77,162,56.0,44.0,35.7142857142857,64.2857142857143,1.0,1.0
1729,9850,England Premier League,Norwich City,158,52.6315789473684,47.3684210526316,1,152,39,41,72,25.6578947368421,26.9736842105263,47.3684210526316,160,253,-93,1,1,76,76,27,24,25,12,17,47,69.2307692307692,58.5365853658537,34.7222222222222,30.7692307692308,41.4634146341463,65.2777777777778,35.5263157894737,15.7894736842105,31.5789473684211,22.3684210526316,32.8947368421053,61.8421052631579,96,98,64,155,60.0,40.0,38.7351778656126,61.2648221343874,1.0,0.0
4769,8588,France Ligue 1,RC Lens,112,52.6315789473684,47.3684210526316,1,114,26,34,54,22.8070175438597,29.8245614035088,47.3684210526316,107,163,-56,0,1,57,57,19,16,22,7,18,32,73.0769230769231,47.0588235294118,40.7407407407407,26.9230769230769,52.9411764705882,59.2592592592593,33.3333333333333,12.280701754386,28.0701754385965,31.5789473684211,38.5964912280702,56.140350877193,61,67,46,96,57.0093457943925,42.9906542056075,41.1042944785276,58.8957055214724,1.0,0.0
21518,8306,Spain LIGA BBVA,UD Las Palmas,44,52.6315789473684,47.3684210526316,1,38,12,8,18,31.5789473684211,21.0526315789474,47.3684210526316,45,53,-8,1,1,19,19,8,5,6,4,3,12,66.6666666666667,62.5,33.3333333333333,33.3333333333333,37.5,66.6666666666667,42.1052631578947,21.0526315789474,26.3157894736842,15.7894736842105,31.5789473684211,63.1578947368421,25,17,20,36,55.5555555555556,44.4444444444444,32.0754716981132,67.9245283018868,1.0,1.0
1729,8678,England Premier League,Bournemouth,42,52.6315789473684,47.3684210526316,1,38,11,9,18,28.9473684210526,23.6842105263158,47.3684210526316,45,67,-22,1,1,19,19,5,5,9,6,4,9,45.4545454545455,55.5555555555556,50.0,54.5454545454545,44.4444444444444,50.0,26.3157894736842,31.5789473684211,26.3157894736842,21.0526315789474,47.3684210526316,47.3684210526316,23,34,22,33,51.1111111111111,48.8888888888889,50.7462686567164,49.2537313432836,1.0,1.0
10257,208931,Italy Serie A,Carpi,38,52.6315789473684,47.3684210526316,1,38,9,11,18,23.6842105263158,28.9473684210526,47.3684210526316,37,57,-20,0,1,19,19,6,5,8,3,6,10,66.6666666666667,45.4545454545455,44.4444444444444,33.3333333333333,54.5454545454545,55.5555555555556,31.5789473684211,15.7894736842105,26.3157894736842,31.5789473684211,42.1052631578947,52.6315789473684,23,26,14,31,62.1621621621622,37.8378378378378,45.6140350877193,54.3859649122807,1.0,0.0
21518,9869,Spain LIGA BBVA,Real Sporting de Gijón,206,51.5789473684211,48.4210526315789,1,190,54,44,92,28.4210526315789,23.1578947368421,48.4210526315789,200,303,-103,1,1,95,95,38,22,35,16,22,57,70.3703703703704,50.0,38.0434782608696,29.6296296296296,50.0,61.9565217391304,40.0,16.8421052631579,23.1578947368421,23.1578947368421,36.8421052631579,60.0,119,125,81,178,59.5,40.5,41.2541254125413,58.7458745874587,1.0,0.0
7809,8350,Germany 1. Bundesliga,1. FC Kaiserslautern,69,51.4705882352941,48.5294117647059,1,68,17,18,33,25.0,26.4705882352941,48.5294117647059,72,105,-33,1,1,34,34,8,11,15,9,7,18,47.0588235294118,61.1111111111111,45.4545454545455,52.9411764705882,38.8888888888889,54.5454545454545,23.5294117647059,26.4705882352941,32.3529411764706,20.5882352941176,44.1176470588235,52.9411764705882,37,47,35,58,51.3888888888889,48.6111111111111,44.7619047619048,55.2380952380952,1.0,1.0
10257,9888,Italy Serie A,Lecce,105,51.3513513513514,48.6486486486486,1,111,24,33,54,21.6216216216216,29.7297297297297,48.6486486486486,121,185,-64,1,1,55,56,13,19,23,11,14,31,54.1666666666667,57.5757575757576,42.5925925925926,45.8333333333333,42.4242424242424,57.4074074074074,23.6363636363636,19.6428571428571,34.5454545454545,25.0,41.8181818181818,55.3571428571429,68,84,53,101,56.198347107438,43.801652892562,45.4054054054054,54.5945945945946,1.0,0.0
21518,8394,Spain LIGA BBVA,Real Zaragoza,163,50.6578947368421,49.3421052631579,1,152,43,34,75,28.2894736842105,22.3684210526316,49.3421052631579,159,240,-81,1,1,76,76,29,17,30,14,17,45,67.4418604651163,50.0,40.0,32.5581395348837,50.0,60.0,38.1578947368421,18.4210526315789,22.3684210526316,22.3684210526316,39.4736842105263,59.2105263157895,95,101,64,139,59.748427672956,40.251572327044,42.0833333333333,57.9166666666667,1.0,0.0
21518,7878,Spain LIGA BBVA,Granada CF,199,50.0,50.0,1,190,52,43,95,27.3684210526316,22.6315789473684,50.0,179,299,-120,0,1,95,95,31,27,37,21,16,58,59.6153846153846,62.7906976744186,38.9473684210526,40.3846153846154,37.2093023255814,61.0526315789474,32.6315789473684,22.1052631578947,28.4210526315789,16.8421052631579,38.9473684210526,61.0526315789474,100,111,79,188,55.8659217877095,44.1340782122905,37.123745819398,62.876254180602,1.0,0.0
1729,8559,England Premier League,Bolton Wanderers,162,50.0,50.0,1,152,43,33,76,28.2894736842105,21.7105263157895,50.0,181,253,-72,1,1,76,76,27,20,29,16,13,47,62.7906976744186,60.6060606060606,38.1578947368421,37.2093023255814,39.3939393939394,61.8421052631579,35.5263157894737,21.0526315789474,26.3157894736842,17.1052631578947,38.1578947368421,61.8421052631579,104,115,77,138,57.4585635359116,42.5414364640884,45.4545454545455,54.5454545454545,1.0,1.0
10257,8551,Italy Serie A,Siena,149,50.0,50.0,1,150,37,38,75,24.6666666666667,25.3333333333333,50.0,149,213,-64,0,1,75,75,26,21,28,11,17,47,70.2702702702703,55.2631578947368,37.3333333333333,29.7297297297297,44.7368421052632,62.6666666666667,34.6666666666667,14.6666666666667,28.0,22.6666666666667,37.3333333333333,62.6666666666667,75,81,74,132,50.3355704697987,49.6644295302013,38.0281690140845,61.9718309859155,1.0,0.0
21518,8372,Spain LIGA BBVA,SD Eibar,78,50.0,50.0,1,76,20,18,38,26.3157894736842,23.6842105263158,50.0,83,116,-33,1,1,38,38,13,8,17,7,10,21,65.0,44.4444444444444,44.7368421052632,35.0,55.5555555555556,55.2631578947368,34.2105263157895,18.4210526315789,21.0526315789474,26.3157894736842,44.7368421052632,55.2631578947368,46,51,37,65,55.421686746988,44.578313253012,43.9655172413793,56.0344827586207,1.0,0.0
10257,9976,Italy Serie A,Bari,74,50.0,50.0,1,76,18,20,38,23.6842105263158,26.3157894736842,50.0,76,105,-29,1,1,38,38,13,10,15,5,10,23,72.2222222222222,50.0,39.4736842105263,27.7777777777778,50.0,60.5263157894737,34.2105263157895,13.1578947368421,26.3157894736842,26.3157894736842,39.4736842105263,60.5263157894737,42,43,34,62,55.2631578947368,44.7368421052632,40.9523809523809,59.0476190476191,1.0,0.0
7809,9911,Germany 1. Bundesliga,VfL Bochum,60,50.0,50.0,1,68,13,21,34,19.1176470588235,30.8823529411765,50.0,72,119,-47,1,1,34,34,7,10,17,6,11,17,53.8461538461538,47.6190476190476,50.0,46.1538461538462,52.3809523809524,50.0,20.5882352941176,17.6470588235294,29.4117647058824,32.3529411764706,50.0,50.0,41,63,31,56,56.9444444444444,43.0555555555556,52.9411764705882,47.0588235294118,1.0,0.0
1729,8483,England Premier League,Blackpool,39,50.0,50.0,1,38,10,9,19,26.3157894736842,23.6842105263158,50.0,55,78,-23,1,2,19,19,5,5,9,5,4,10,50.0,55.5555555555556,47.3684210526316,50.0,44.4444444444444,52.6315789473684,26.3157894736842,26.3157894736842,26.3157894736842,21.0526315789474,47.3684210526316,52.6315789473684,30,37,25,41,54.5454545454545,45.4545454545455,47.4358974358974,52.5641025641026,1.0,1.0
10257,8690,Italy Serie A,Reggio Calabria,31,50.0,50.0,1,38,6,13,19,15.7894736842105,34.2105263157895,50.0,30,62,-32,0,1,19,19,3,9,7,3,4,12,50.0,69.2307692307692,36.8421052631579,50.0,30.7692307692308,63.1578947368421,15.7894736842105,15.7894736842105,47.3684210526316,21.0526315789474,36.8421052631579,63.1578947368421,23,27,7,35,76.6666666666667,23.3333333333333,43.5483870967742,56.4516129032258,1.0,0.0
7809,8460,Germany 1. Bundesliga,SC Paderborn 07,31,50.0,50.0,1,34,7,10,17,20.5882352941176,29.4117647058824,50.0,31,65,-34,0,1,17,17,4,6,7,3,4,10,57.1428571428571,60.0,41.1764705882353,42.8571428571429,40.0,58.8235294117647,23.5294117647059,17.6470588235294,35.2941176470588,23.5294117647059,41.1764705882353,58.8235294117647,21,31,10,34,67.741935483871,32.258064516129,47.6923076923077,52.3076923076923,1.0,0.0
21518,8370,Spain LIGA BBVA,Rayo Vallecano,226,49.4736842105263,50.5263157894737,1,190,66,28,96,34.7368421052632,14.7368421052632,50.5263157894737,247,360,-113,1,1,95,95,41,10,44,25,18,52,62.1212121212121,35.7142857142857,45.8333333333333,37.8787878787879,64.2857142857143,54.1666666666667,43.1578947368421,26.3157894736842,10.5263157894737,18.9473684210526,46.3157894736842,54.7368421052632,139,146,108,214,56.2753036437247,43.7246963562753,40.5555555555556,59.4444444444444,1.0,1.0
21518,9865,Spain LIGA BBVA,UD Almería,190,49.4736842105263,50.5263157894737,1,190,48,46,96,25.2631578947368,24.2105263157895,50.5263157894737,202,321,-119,1,1,95,95,31,33,31,17,13,65,64.5833333333333,71.7391304347826,32.2916666666667,35.4166666666667,28.2608695652174,67.7083333333333,32.6315789473684,17.8947368421053,34.7368421052632,13.6842105263158,32.6315789473684,68.4210526315789,121,137,81,184,59.9009900990099,40.0990099009901,42.6791277258567,57.3208722741433,1.0,0.0
13274,7788,Netherlands Eredivisie,SC Cambuur,98,49.0196078431373,50.9803921568627,1,102,24,26,52,23.5294117647059,25.4901960784314,50.9803921568627,119,185,-66,1,1,51,51,20,9,22,4,17,30,83.3333333333333,34.6153846153846,42.3076923076923,16.6666666666667,65.3846153846154,57.6923076923077,39.2156862745098,7.84313725490196,17.6470588235294,33.3333333333333,43.1372549019608,58.8235294117647,67,73,52,112,56.3025210084034,43.6974789915966,39.4594594594595,60.5405405405405,1.0,1.0
4769,9855,France Ligue 1,Grenoble Foot 38,67,48.6842105263158,51.3157894736842,1,76,15,22,39,19.7368421052632,28.9473684210526,51.3157894736842,55,98,-43,0,1,38,38,10,12,16,5,10,23,66.6666666666667,54.5454545454545,41.025641025641,33.3333333333333,45.4545454545455,58.974358974359,26.3157894736842,13.1578947368421,31.5789473684211,26.3157894736842,42.1052631578947,60.5263157894737,33,41,22,57,60.0,40.0,41.8367346938776,58.1632653061224,0.0,0.0
1729,8667,England Premier League,Hull City,137,48.0263157894737,51.9736842105263,1,152,32,41,79,21.0526315789474,26.9736842105263,51.9736842105263,144,243,-99,0,1,76,76,21,20,35,11,21,44,65.625,48.780487804878,44.3037974683544,34.375,51.219512195122,55.6962025316456,27.6315789473684,14.4736842105263,26.3157894736842,27.6315789473684,46.0526315789474,57.8947368421053,79,110,65,133,54.8611111111111,45.1388888888889,45.2674897119342,54.7325102880658,1.0,0.0
4769,8682,France Ligue 1,Le Mans FC,72,47.3684210526316,52.6315789473684,1,76,18,18,40,23.6842105263158,23.6842105263158,52.6315789473684,79,113,-34,1,1,38,38,12,10,16,6,8,24,66.6666666666667,55.5555555555556,40.0,33.3333333333333,44.4444444444444,60.0,31.5789473684211,15.7894736842105,26.3157894736842,21.0526315789474,42.1052631578947,63.1578947368421,40,46,39,67,50.6329113924051,49.3670886075949,40.7079646017699,59.2920353982301,1.0,1.0
4769,9836,France Ligue 1,Dijon FCO,36,47.3684210526316,52.6315789473684,1,38,9,9,20,23.6842105263158,23.6842105263158,52.6315789473684,38,63,-25,1,1,19,19,6,4,9,3,5,11,66.6666666666667,44.4444444444444,45.0,33.3333333333333,55.5555555555556,55.0,31.5789473684211,15.7894736842105,21.0526315789474,26.3157894736842,47.3684210526316,57.8947368421053,23,26,15,37,60.5263157894737,39.4736842105263,41.2698412698413,58.7301587301587,1.0,0.0
21518,9867,Spain LIGA BBVA,CD Tenerife,36,47.3684210526316,52.6315789473684,1,38,9,9,20,23.6842105263158,23.6842105263158,52.6315789473684,40,74,-34,1,1,19,19,8,6,5,1,3,15,88.8888888888889,66.6666666666667,25.0,11.1111111111111,33.3333333333333,75.0,42.1052631578947,5.26315789473684,31.5789473684211,15.7894736842105,26.3157894736842,78.9473684210526,26,29,14,45,65.0,35.0,39.1891891891892,60.8108108108108,1.0,0.0
21518,9868,Spain LIGA BBVA,Xerez Club Deportivo,34,47.3684210526316,52.6315789473684,1,38,8,10,20,21.0526315789474,26.3157894736842,52.6315789473684,38,66,-28,1,1,19,19,6,4,9,2,6,11,75.0,40.0,45.0,25.0,60.0,55.0,31.5789473684211,10.5263157894737,21.0526315789474,31.5789473684211,47.3684210526316,57.8947368421053,20,29,18,37,52.6315789473684,47.3684210526316,43.9393939393939,56.0606060606061,1.0,0.0
10257,9858,Italy Serie A,Brescia,32,47.3684210526316,52.6315789473684,1,38,7,11,20,18.4210526315789,28.9473684210526,52.6315789473684,34,52,-18,0,1,19,19,6,5,8,1,6,12,85.7142857142857,45.4545454545455,40.0,14.2857142857143,54.5454545454545,60.0,31.5789473684211,5.26315789473684,26.3157894736842,31.5789473684211,42.1052631578947,63.1578947368421,22,24,12,28,64.7058823529412,35.2941176470588,46.1538461538462,53.8461538461538,1.0,0.0
1729,8549,England Premier League,Middlesbrough,32,47.3684210526316,52.6315789473684,1,38,7,11,20,18.4210526315789,28.9473684210526,52.6315789473684,28,57,-29,0,1,19,19,5,9,5,2,2,15,71.4285714285714,81.8181818181818,25.0,28.5714285714286,18.1818181818182,75.0,26.3157894736842,10.5263157894737,47.3684210526316,10.5263157894737,26.3157894736842,78.9473684210526,17,20,11,37,60.7142857142857,39.2857142857143,35.0877192982456,64.9122807017544,0.0,0.0
10257,6269,Italy Serie A,Novara,29,47.2222222222222,52.7777777777778,1,36,6,11,19,16.6666666666667,30.5555555555556,52.7777777777778,34,64,-30,0,1,18,18,4,8,6,2,3,13,66.6666666666667,72.7272727272727,31.5789473684211,33.3333333333333,27.2727272727273,68.4210526315789,22.2222222222222,11.1111111111111,44.4444444444444,16.6666666666667,33.3333333333333,72.2222222222222,19,27,15,37,55.8823529411765,44.1176470588235,42.1875,57.8125,1.0,0.0
7809,8194,Germany 1. Bundesliga,Fortuna Düsseldorf,30,47.0588235294118,52.9411764705882,1,34,7,9,18,20.5882352941176,26.4705882352941,52.9411764705882,39,57,-18,1,1,17,17,5,6,6,2,3,12,71.4285714285714,66.6666666666667,33.3333333333333,28.5714285714286,33.3333333333333,66.6666666666667,29.4117647058824,11.7647058823529,35.2941176470588,17.6470588235294,35.2941176470588,70.5882352941177,24,28,15,29,61.5384615384615,38.4615384615385,49.1228070175439,50.8771929824561,1.0,0.0
1729,8602,England Premier League,Wolverhampton Wanderers,103,46.4912280701754,53.5087719298246,1,114,25,28,61,21.9298245614035,24.5614035087719,53.5087719298246,118,204,-86,1,1,57,57,16,13,28,9,15,33,64.0,46.4285714285714,45.9016393442623,36.0,53.5714285714286,54.0983606557377,28.0701754385965,15.7894736842105,22.8070175438597,26.3157894736842,49.1228070175439,57.8947368421053,62,95,56,109,52.5423728813559,47.4576271186441,46.5686274509804,53.4313725490196,1.0,0.0
1729,8462,England Premier League,Portsmouth,69,46.0526315789474,53.9473684210526,1,76,17,18,41,22.3684210526316,23.6842105263158,53.9473684210526,72,123,-51,0,1,38,38,13,6,19,4,12,22,76.4705882352941,33.3333333333333,46.3414634146341,23.5294117647059,66.6666666666667,53.6585365853659,34.2105263157895,10.5263157894737,15.7894736842105,31.5789473684211,50.0,57.8947368421053,50,61,22,62,69.4444444444444,30.5555555555556,49.5934959349593,50.4065040650407,1.0,0.0
13274,6433,Netherlands Eredivisie,Go Ahead Eagles,65,45.5882352941177,54.4117647058824,1,68,17,14,37,25.0,20.5882352941176,54.4117647058824,74,128,-54,1,1,34,34,11,8,15,6,6,22,64.7058823529412,57.1428571428571,40.5405405405405,35.2941176470588,42.8571428571429,59.4594594594595,32.3529411764706,17.6470588235294,23.5294117647059,17.6470588235294,44.1176470588235,64.7058823529412,41,55,33,73,55.4054054054054,44.5945945945946,42.96875,57.03125,1.0,0.0
13274,8614,Netherlands Eredivisie,Sparta Rotterdam,61,45.5882352941177,54.4117647058824,1,68,15,16,37,22.0588235294118,23.5294117647059,54.4117647058824,76,132,-56,1,1,34,34,12,8,14,3,8,23,80.0,50.0,37.8378378378378,20.0,50.0,62.1621621621622,35.2941176470588,8.82352941176471,23.5294117647059,23.5294117647059,41.1764705882353,67.6470588235294,44,45,32,87,57.8947368421053,42.1052631578947,34.0909090909091,65.9090909090909,1.0,0.0
13274,10218,Netherlands Eredivisie,Excelsior,116,45.5882352941176,54.4117647058824,1,136,27,35,74,19.8529411764706,25.7352941176471,54.4117647058824,154,265,-111,1,1,68,68,19,16,33,8,19,41,70.3703703703704,45.7142857142857,44.5945945945946,29.6296296296296,54.2857142857143,55.4054054054054,27.9411764705882,11.7647058823529,23.5294117647059,27.9411764705882,48.5294117647059,60.2941176470588,90,127,64,138,58.4415584415584,41.5584415584416,47.9245283018868,52.0754716981132,1.0,0.0
13274,10219,Netherlands Eredivisie,RKC Waalwijk,129,44.8529411764706,55.1470588235294,1,136,34,27,75,25.0,19.8529411764706,55.1470588235294,153,241,-88,1,1,68,68,25,12,31,9,15,44,73.5294117647059,44.4444444444444,41.3333333333333,26.4705882352941,55.5555555555556,58.6666666666667,36.7647058823529,13.2352941176471,17.6470588235294,22.0588235294118,45.5882352941176,64.7058823529412,92,98,61,143,60.1307189542484,39.8692810457516,40.6639004149378,59.3360995850622,1.0,0.0
13274,8526,Netherlands Eredivisie,De Graafschap,115,44.8529411764706,55.1470588235294,1,136,27,34,75,19.8529411764706,25.0,55.1470588235294,130,254,-124,0,1,68,68,18,19,31,9,15,44,66.6666666666667,55.8823529411765,41.3333333333333,33.3333333333333,44.1176470588235,58.6666666666667,26.4705882352941,13.2352941176471,27.9411764705882,22.0588235294118,45.5882352941176,64.7058823529412,81,117,49,137,62.3076923076923,37.6923076923077,46.0629921259843,53.9370078740157,1.0,0.0
21518,10278,Spain LIGA BBVA,Hércules Club de Fútbol,35,44.7368421052632,55.2631578947368,1,38,9,8,21,23.6842105263158,21.0526315789474,55.2631578947368,36,60,-24,0,1,19,19,7,5,7,2,3,14,77.7777777777778,62.5,33.3333333333333,22.2222222222222,37.5,66.6666666666667,36.8421052631579,10.5263157894737,26.3157894736842,15.7894736842105,36.8421052631579,73.6842105263158,27,27,9,33,75.0,25.0,45.0,55.0,1.0,0.0
21518,8479,Spain LIGA BBVA,RC Recreativo,33,44.7368421052632,55.2631578947368,1,38,8,9,21,21.0526315789474,23.6842105263158,55.2631578947368,34,57,-23,0,1,19,19,4,4,11,4,5,10,50.0,44.4444444444444,52.3809523809524,50.0,55.5555555555556,47.6190476190476,21.0526315789474,21.0526315789474,21.0526315789474,26.3157894736842,57.8947368421053,52.6315789473684,17,29,17,28,50.0,50.0,50.8771929824561,49.1228070175439,0.0,0.0
4769,4170,France Ligue 1,US Boulogne Cote D'Opale,31,44.7368421052632,55.2631578947368,1,38,7,10,21,18.4210526315789,26.3157894736842,55.2631578947368,31,62,-31,0,1,19,19,4,5,10,3,5,11,57.1428571428571,50.0,47.6190476190476,42.8571428571429,50.0,52.3809523809524,21.0526315789474,15.7894736842105,26.3157894736842,26.3157894736842,52.6315789473684,57.8947368421053,19,31,12,31,61.2903225806452,38.7096774193548,50.0,50.0,1.0,0.0
10257,9880,Italy Serie A,Cesena,87,44.5454545454545,55.4545454545455,1,110,19,30,61,17.2727272727273,27.2727272727273,55.4545454545455,98,179,-81,0,1,55,55,12,18,25,7,12,36,63.1578947368421,60.0,40.9836065573771,36.8421052631579,40.0,59.0163934426229,21.8181818181818,12.7272727272727,32.7272727272727,21.8181818181818,45.4545454545455,65.4545454545455,51,74,47,105,52.0408163265306,47.9591836734694,41.340782122905,58.659217877095,0.0,0.0
13274,6601,Netherlands Eredivisie,FC Volendam,29,44.1176470588235,55.8823529411765,1,34,7,8,19,20.5882352941176,23.5294117647059,55.8823529411765,38,67,-29,1,1,17,17,6,3,8,1,5,11,85.7142857142857,37.5,42.1052631578947,14.2857142857143,62.5,57.8947368421053,35.2941176470588,5.88235294117647,17.6470588235294,29.4117647058824,47.0588235294118,64.7058823529412,27,27,11,40,71.0526315789474,28.9473684210526,40.2985074626866,59.7014925373134,1.0,0.0
1729,8191,England Premier League,Burnley,63,43.4210526315789,56.5789473684211,1,76,15,18,43,19.7368421052632,23.6842105263158,56.5789473684211,70,135,-65,0,1,38,38,11,12,15,4,6,28,73.3333333333333,66.6666666666667,34.8837209302326,26.6666666666667,33.3333333333333,65.1162790697674,28.9473684210526,10.5263157894737,31.5789473684211,15.7894736842105,39.4736842105263,73.6842105263158,39,51,31,84,55.7142857142857,44.2857142857143,37.7777777777778,62.2222222222222,1.0,0.0
4769,10242,France Ligue 1,ES Troyes AC,55,43.4210526315789,56.5789473684211,1,76,11,22,43,14.4736842105263,28.9473684210526,56.5789473684211,71,144,-73,0,1,38,38,7,15,16,4,7,27,63.6363636363636,68.1818181818182,37.2093023255814,36.3636363636364,31.8181818181818,62.7906976744186,18.4210526315789,10.5263157894737,39.4736842105263,18.4210526315789,42.1052631578947,71.0526315789474,38,60,33,84,53.5211267605634,46.4788732394366,41.6666666666667,58.3333333333333,1.0,0.0
1729,10172,England Premier League,Queens Park Rangers,92,42.1052631578947,57.8947368421053,1,114,22,26,66,19.2982456140351,22.8070175438597,57.8947368421053,115,199,-84,1,1,57,57,15,18,24,7,8,42,68.1818181818182,69.2307692307692,36.3636363636364,31.8181818181818,30.7692307692308,63.6363636363636,26.3157894736842,12.280701754386,31.5789473684211,14.0350877192982,42.1052631578947,73.6842105263158,60,77,55,122,52.1739130434783,47.8260869565217,38.6934673366834,61.3065326633166,1.0,0.0
4769,8550,France Ligue 1,FC Metz,30,42.1052631578947,57.8947368421053,1,38,7,9,22,18.4210526315789,23.6842105263158,57.8947368421053,31,61,-30,0,1,19,19,6,4,9,1,5,13,85.7142857142857,44.4444444444444,40.9090909090909,14.2857142857143,55.5555555555556,59.0909090909091,31.5789473684211,5.26315789473684,21.0526315789474,26.3157894736842,47.3684210526316,68.4210526315789,26,32,5,29,83.8709677419355,16.1290322580645,52.4590163934426,47.5409836065574,1.0,0.0
1729,8344,England Premier League,Cardiff City,30,42.1052631578947,57.8947368421053,1,38,7,9,22,18.4210526315789,23.6842105263158,57.8947368421053,32,74,-42,0,1,19,19,5,5,9,2,4,13,71.4285714285714,55.5555555555556,40.9090909090909,28.5714285714286,44.4444444444444,59.0909090909091,26.3157894736842,10.5263157894737,26.3157894736842,21.0526315789474,47.3684210526316,68.4210526315789,20,35,12,39,62.5,37.5,47.2972972972973,52.7027027027027,1.0,0.0
1729,9798,England Premier League,Reading,28,42.1052631578947,57.8947368421053,1,38,6,10,22,15.7894736842105,26.3157894736842,57.8947368421053,43,73,-30,1,1,19,19,4,8,7,2,2,15,66.6666666666667,80.0,31.8181818181818,33.3333333333333,20.0,68.1818181818182,21.0526315789474,10.5263157894737,42.1052631578947,10.5263157894737,36.8421052631579,78.9473684210526,23,33,20,40,53.4883720930233,46.5116279069767,45.2054794520548,54.7945205479452,1.0,1.0
13274,9839,Netherlands Eredivisie,VVV-Venlo,115,41.9117647058824,58.0882352941176,1,136,29,28,79,21.3235294117647,20.5882352941176,58.0882352941176,152,273,-121,1,2,68,68,23,16,29,6,12,50,79.3103448275862,57.1428571428571,36.7088607594937,20.6896551724138,42.8571428571429,63.2911392405063,33.8235294117647,8.82352941176471,23.5294117647059,17.6470588235294,42.6470588235294,73.5294117647059,101,125,51,148,66.4473684210526,33.5526315789474,45.7875457875458,54.2124542124542,1.0,0.0
13274,8525,Netherlands Eredivisie,Willem II,173,41.6666666666667,58.3333333333333,1,204,44,41,119,21.5686274509804,20.0980392156863,58.3333333333333,222,405,-183,1,1,102,102,31,21,50,13,20,69,70.4545454545455,51.219512195122,42.0168067226891,29.5454545454545,48.780487804878,57.9831932773109,30.3921568627451,12.7450980392157,20.5882352941176,19.6078431372549,49.0196078431373,67.6470588235294,140,192,82,213,63.0630630630631,36.9369369369369,47.4074074074074,52.5925925925926,1.0,0.0
7809,8398,Germany 1. Bundesliga,FC Energie Cottbus,30,41.1764705882353,58.8235294117647,1,34,8,6,20,23.5294117647059,17.6470588235294,58.8235294117647,30,57,-27,0,1,17,17,6,1,10,2,5,10,75.0,16.6666666666667,50.0,25.0,83.3333333333333,50.0,35.2941176470588,11.7647058823529,5.88235294117647,29.4117647058824,58.8235294117647,58.8235294117647,19,27,11,30,63.3333333333333,36.6666666666667,47.3684210526316,52.6315789473684,1.0,0.0
21518,8388,Spain LIGA BBVA,CD Numancia,35,39.4736842105263,60.5263157894737,1,38,10,5,23,26.3157894736842,13.1578947368421,60.5263157894737,38,69,-31,1,1,19,19,9,3,7,1,2,16,90.0,60.0,30.4347826086957,10.0,40.0,69.5652173913043,47.3684210526316,5.26315789473684,15.7894736842105,10.5263157894737,36.8421052631579,84.2105263157895,23,22,15,47,60.5263157894737,39.4736842105263,31.8840579710145,68.1159420289855,1.0,0.0
10257,9891,Italy Serie A,Frosinone,31,39.4736842105263,60.5263157894737,1,38,8,7,23,21.0526315789474,18.4210526315789,60.5263157894737,35,76,-41,0,2,19,19,6,4,9,2,3,14,75.0,57.1428571428571,39.1304347826087,25.0,42.8571428571429,60.8695652173913,31.5789473684211,10.5263157894737,21.0526315789474,15.7894736842105,47.3684210526316,73.6842105263158,18,26,17,50,51.4285714285714,48.5714285714286,34.2105263157895,65.7894736842105,0.0,0.0
7809,8295,Germany 1. Bundesliga,Karlsruher SC,29,38.2352941176471,61.7647058823529,1,34,8,5,21,23.5294117647059,14.7058823529412,61.7647058823529,30,54,-24,0,1,17,17,5,4,8,3,1,13,62.5,80.0,38.0952380952381,37.5,20.0,61.9047619047619,29.4117647058824,17.6470588235294,23.5294117647059,5.88235294117647,47.0588235294118,76.4705882352941,18,22,12,32,60.0,40.0,40.7407407407407,59.2592592592593,1.0,0.0
7809,8152,Germany 1. Bundesliga,FC St. Pauli,29,38.2352941176471,61.7647058823529,1,34,8,5,21,23.5294117647059,14.7058823529412,61.7647058823529,35,68,-33,1,2,17,17,4,3,10,4,2,11,50.0,60.0,47.6190476190476,50.0,40.0,52.3809523809524,23.5294117647059,23.5294117647059,17.6470588235294,11.7647058823529,58.8235294117647,64.7058823529412,21,35,14,33,60.0,40.0,51.4705882352941,48.5294117647059,1.0,0.0
7809,9776,Germany 1. Bundesliga,Eintracht Braunschweig,25,38.2352941176471,61.7647058823529,1,34,6,7,21,17.6470588235294,20.5882352941176,61.7647058823529,29,60,-31,0,1,17,17,5,3,9,1,4,12,83.3333333333333,42.8571428571429,42.8571428571429,16.6666666666667,57.1428571428571,57.1428571428571,29.4117647058824,5.88235294117647,17.6470588235294,23.5294117647059,52.9411764705882,70.5882352941177,18,24,11,36,62.0689655172414,37.9310344827586,40.0,60.0,1.0,0.0
7809,8357,Germany 1. Bundesliga,SpVgg Greuther Fürth,21,38.2352941176471,61.7647058823529,1,34,4,9,21,11.7647058823529,26.4705882352941,61.7647058823529,26,60,-34,0,1,17,17,0,4,13,4,5,8,0.0,44.4444444444444,61.9047619047619,100.0,55.5555555555556,38.0952380952381,0.0,23.5294117647059,23.5294117647059,29.4117647058824,76.4705882352941,47.0588235294118,10,36,16,24,38.4615384615385,61.5384615384615,60.0,40.0,0.0,0.0
10257,8537,Italy Serie A,Livorno,54,36.8421052631579,63.1578947368421,1,76,13,15,48,17.1052631578947,19.7368421052632,63.1578947368421,66,138,-72,0,1,38,38,9,10,19,4,5,29,69.2307692307692,66.6666666666667,39.5833333333333,30.7692307692308,33.3333333333333,60.4166666666667,23.6842105263158,10.5263157894737,26.3157894736842,13.1578947368421,50.0,76.3157894736842,42,58,24,80,63.6363636363636,36.3636363636364,42.0289855072464,57.9710144927536,1.0,0.0
21518,7869,Spain LIGA BBVA,Córdoba CF,20,36.8421052631579,63.1578947368421,1,38,3,11,24,7.89473684210526,28.9473684210526,63.1578947368421,22,68,-46,0,1,19,19,1,6,12,2,5,12,33.3333333333333,54.5454545454545,50.0,66.6666666666667,45.4545454545455,50.0,5.26315789473684,10.5263157894737,31.5789473684211,26.3157894736842,63.1578947368421,63.1578947368421,12,33,10,35,54.5454545454545,45.4545454545455,48.5294117647059,51.4705882352941,0.0,0.0
4769,108893,France Ligue 1,AC Arles-Avignon,20,36.8421052631579,63.1578947368421,1,38,3,11,24,7.89473684210526,28.9473684210526,63.1578947368421,21,70,-49,0,1,19,19,2,6,11,1,5,13,66.6666666666667,54.5454545454545,45.8333333333333,33.3333333333333,45.4545454545455,54.1666666666667,10.5263157894737,5.26315789473684,31.5789473684211,26.3157894736842,57.8947368421053,68.4210526315789,14,31,7,39,66.6666666666667,33.3333333333333,44.2857142857143,55.7142857142857,0.0,0.0
13274,6631,Netherlands Eredivisie,FC Dordrecht,20,35.2941176470588,64.7058823529412,1,34,4,8,22,11.7647058823529,23.5294117647059,64.7058823529412,24,76,-52,0,2,17,17,3,4,10,1,4,12,75.0,50.0,45.4545454545455,25.0,50.0,54.5454545454545,17.6470588235294,5.88235294117647,23.5294117647059,23.5294117647059,58.8235294117647,70.5882352941177,15,34,9,42,62.5,37.5,44.7368421052632,55.2631578947368,0.0,0.0
4769,9746,France Ligue 1,Le Havre AC,26,31.5789473684211,68.4210526315789,1,38,7,5,26,18.4210526315789,13.1578947368421,68.4210526315789,30,67,-37,0,1,19,19,4,0,15,3,5,11,57.1428571428571,0.0,57.6923076923077,42.8571428571429,100.0,42.3076923076923,21.0526315789474,15.7894736842105,0.0,26.3157894736842,78.9473684210526,57.8947368421053,17,34,13,33,56.6666666666667,43.3333333333333,50.7462686567164,49.2537313432836,0.0,0.0
10257,9878,Italy Serie A,Pescara,22,26.3157894736842,73.6842105263158,1,38,6,4,28,15.7894736842105,10.5263157894737,73.6842105263158,27,84,-57,0,2,19,19,4,1,14,2,3,14,66.6666666666667,25.0,50.0,33.3333333333333,75.0,50.0,21.0526315789474,10.5263157894737,5.26315789473684,15.7894736842105,73.6842105263158,73.6842105263158,15,42,12,42,55.5555555555556,44.4444444444444,50.0,50.0,0.0,0.0
